{
  "train_epoch": [
    1.0,
    2.0,
    3.0,
    4.0,
    5.0,
    6.0,
    7.0,
    8.0,
    9.0,
    10.0,
    11.0,
    12.0,
    13.0,
    14.0,
    15.0,
    16.0,
    17.0,
    18.0,
    19.0,
    20.0,
    21.0,
    22.0,
    23.0,
    24.0,
    25.0,
    26.0,
    27.0,
    28.0,
    29.0,
    30.0,
    31.0,
    32.0,
    33.0,
    34.0,
    35.0,
    36.0,
    37.0,
    38.0,
    39.0,
    40.0,
    41.0,
    42.0,
    43.0,
    44.0,
    45.0,
    46.0,
    47.0,
    48.0,
    49.0,
    50.0
  ],
  "epoch": [
    1.0,
    2.0,
    3.0,
    4.0,
    5.0,
    6.0,
    7.0,
    8.0,
    9.0,
    10.0,
    11.0,
    12.0,
    13.0,
    14.0,
    15.0,
    16.0,
    17.0,
    18.0,
    19.0,
    20.0,
    21.0,
    22.0,
    23.0,
    24.0,
    25.0,
    26.0,
    27.0,
    28.0,
    29.0,
    30.0,
    31.0,
    32.0,
    33.0,
    34.0,
    35.0,
    36.0,
    37.0,
    38.0,
    39.0,
    40.0,
    41.0,
    42.0,
    43.0,
    44.0,
    45.0,
    46.0,
    47.0,
    48.0,
    49.0,
    50.0
  ],
  "train_loss": [
    0.6876,
    0.5819,
    0.5516,
    0.5302,
    0.5162,
    0.5078,
    0.493,
    0.4861,
    0.4831,
    0.472,
    0.4674,
    0.4589,
    0.4558,
    0.4444,
    0.4413,
    0.4408,
    0.4338,
    0.4372,
    0.4305,
    0.4225,
    0.4184,
    0.4178,
    0.4067,
    0.4065,
    0.4013,
    0.3996,
    0.3975,
    0.3885,
    0.3813,
    0.3824,
    0.387,
    0.387,
    0.3715,
    0.372,
    0.3654,
    0.3623,
    0.3652,
    0.3652,
    0.3608,
    0.3641,
    0.3604,
    0.3594,
    0.3558,
    0.3617,
    0.3504,
    0.3545,
    0.3593,
    0.3466,
    0.351,
    0.3558
  ],
  "val_loss": [
    0.5742275714874268,
    0.52496337890625,
    0.5152174830436707,
    0.47723934054374695,
    0.5074693560600281,
    0.4739544689655304,
    0.4635319411754608,
    0.4675047695636749,
    0.4677060544490814,
    0.47046539187431335,
    0.4743203818798065,
    0.466354638338089,
    0.459372341632843,
    0.501437783241272,
    0.5005109310150146,
    0.48559248447418213,
    0.4593384861946106,
    0.4784899353981018,
    0.4842260777950287,
    0.4759014844894409,
    0.48415812849998474,
    0.4938298463821411,
    0.5259923934936523,
    0.49225524067878723,
    0.5020238161087036,
    0.5276334881782532,
    0.5127209424972534,
    0.506442129611969,
    0.5308291912078857,
    0.5374863743782043,
    0.514920175075531,
    0.5193023085594177,
    0.539779543876648,
    0.5310997366905212,
    0.5453940629959106,
    0.522195041179657,
    0.5184854865074158,
    0.5368220806121826,
    0.5371304154396057,
    0.5337901711463928,
    0.5318002700805664,
    0.5273606777191162,
    0.5361613035202026,
    0.5278372168540955,
    0.5412418842315674,
    0.5375277996063232,
    0.5396232008934021,
    0.5399982333183289,
    0.5398926734924316,
    0.5394343137741089
  ],
  "val_accuracy": [
    0.7547916666666666,
    0.7891666666666667,
    0.7970833333333334,
    0.8060416666666667,
    0.7727083333333333,
    0.825,
    0.8164583333333333,
    0.8152083333333333,
    0.79875,
    0.818125,
    0.8170833333333334,
    0.805,
    0.8108333333333333,
    0.788125,
    0.7729166666666667,
    0.809375,
    0.8010416666666667,
    0.8245833333333333,
    0.805625,
    0.8147916666666667,
    0.8,
    0.806875,
    0.7858333333333334,
    0.8070833333333334,
    0.8066666666666666,
    0.8108333333333333,
    0.8029166666666666,
    0.821875,
    0.816875,
    0.780625,
    0.8027083333333334,
    0.8029166666666666,
    0.8089583333333333,
    0.8172916666666666,
    0.8091666666666667,
    0.7989583333333333,
    0.7989583333333333,
    0.8125,
    0.8097916666666667,
    0.8064583333333334,
    0.8075,
    0.8058333333333333,
    0.8077083333333334,
    0.8045833333333333,
    0.8095833333333333,
    0.8077083333333334,
    0.8077083333333334,
    0.8054166666666667,
    0.808125,
    0.8089583333333333
  ],
  "val_f1_macro": [
    0.7585194982899893,
    0.780626506895388,
    0.7694301039847904,
    0.7879553609367004,
    0.7460595575619816,
    0.8098456634085537,
    0.7994563260450832,
    0.792144668797854,
    0.7877131112288344,
    0.8118266432725032,
    0.8057201406725621,
    0.7957871831212749,
    0.7939234895451074,
    0.7606888004882987,
    0.7576453717880011,
    0.8051745765162776,
    0.7855444868919498,
    0.8045505324751451,
    0.78330189133657,
    0.7983688026769601,
    0.7855938477351124,
    0.7860947871417056,
    0.7715682613196826,
    0.7926399571455197,
    0.7857132475237406,
    0.7945839788833419,
    0.7901959792003391,
    0.8019939098695823,
    0.8031195691273377,
    0.7663064313051501,
    0.7811125745593986,
    0.7862957592005154,
    0.7966355838027814,
    0.7999016354492022,
    0.7957419066579791,
    0.7841378582159891,
    0.779708110899665,
    0.7951968530254111,
    0.7950773316971317,
    0.7904723655830722,
    0.7947539558380504,
    0.7896510858156298,
    0.7882000338993138,
    0.7876049922312728,
    0.7922908809625708,
    0.7929835884375369,
    0.7931531669922721,
    0.7912556416625854,
    0.793469189722587,
    0.7923903205223705
  ],
  "val_f1_weighted": [
    0.7599207807385788,
    0.7921424984933224,
    0.800982673889784,
    0.8088802124946096,
    0.7779619083004939,
    0.8270043685457807,
    0.8195129704192474,
    0.8182244678202654,
    0.8018790545201148,
    0.8211541055755924,
    0.819844319489435,
    0.8080850288290469,
    0.8137271339580794,
    0.7932027937405453,
    0.7768209546963789,
    0.8123879704916288,
    0.8050713282028448,
    0.8265143746408274,
    0.8092939716375895,
    0.8178709541489468,
    0.8032939355114839,
    0.8102716977936685,
    0.7890478040948502,
    0.8104898082891038,
    0.810156197449134,
    0.8138974072201183,
    0.8063765876109099,
    0.8248379434641037,
    0.8199894766525303,
    0.7841978046196698,
    0.8068214619401127,
    0.8065093853978424,
    0.8122626381582714,
    0.8203347925143037,
    0.812393684757371,
    0.8026540225006229,
    0.8027112463967739,
    0.8157430680439087,
    0.812945800488374,
    0.8099805342836323,
    0.8108121165510931,
    0.809420071662734,
    0.8112968744381189,
    0.8082449760327355,
    0.812951240264447,
    0.8112496590551243,
    0.8111266615607434,
    0.8088710993886777,
    0.8114902076974798,
    0.8123434364500082
  ],
  "val_precision_macro": [
    0.8118374581233324,
    0.7933781431987121,
    0.7478949873348478,
    0.7739264159328715,
    0.7279750375637377,
    0.8073439306858269,
    0.7899769990889866,
    0.7765588545995267,
    0.7827406327024131,
    0.8158957980196186,
    0.8022167669890793,
    0.7900459416279911,
    0.7834137843087897,
    0.7401595028184361,
    0.7488203123890399,
    0.8088888068745033,
    0.7755132409618394,
    0.7977683742707211,
    0.7645325684388666,
    0.7857311509343535,
    0.7774766275152314,
    0.772963644174517,
    0.7620936528405378,
    0.7835326537262021,
    0.7714095317872042,
    0.7875328793722112,
    0.7818897419946804,
    0.7914628622987109,
    0.797875778881604,
    0.7552446530375992,
    0.765488222173877,
    0.7750074391361851,
    0.7926763595726807,
    0.7906728456675434,
    0.7893962381706542,
    0.7746952325517741,
    0.7657519149475288,
    0.7856661230883853,
    0.7875980279662982,
    0.7802287596269813,
    0.7871360302277365,
    0.7783316898157383,
    0.7745457268831138,
    0.7749976566081633,
    0.7808998768969145,
    0.783492406057475,
    0.7837020240870993,
    0.781449548809564,
    0.7835065495584571,
    0.7807793005681597
  ],