{
  "epoch": 50.0,
  "global_step": 16750,
  "tic_meanprob_accuracy": 0.8148148148148148,
  "tic_meanprob_f1_macro": 0.7739893211289092,
  "tic_meanprob_f1_weighted": 0.8172946859903383,
  "tic_meanprob_precision_macro": 0.8574782025486251,
  "tic_meanprob_recall_macro": 0.7570750237416904,
  "tic_count": 135,
  "best_metric_so_far": 0.8223053317990027,
  "best_epoch_so_far": 20.0
}