{
  "train_epoch": [
    1.0,
    2.0,
    3.0,
    4.0,
    5.0,
    6.0,
    7.0,
    8.0,
    9.0,
    10.0,
    11.0,
    12.0,
    13.0,
    14.0,
    15.0,
    16.0,
    17.0,
    18.0,
    19.0,
    20.0,
    21.0,
    22.0,
    23.0,
    24.0,
    25.0,
    26.0,
    27.0,
    28.0,
    29.0,
    30.0,
    31.0,
    32.0,
    33.0,
    34.0,
    35.0,
    36.0,
    37.0,
    38.0,
    39.0,
    40.0,
    41.0,
    42.0,
    43.0,
    44.0,
    45.0,
    46.0,
    47.0,
    48.0,
    49.0,
    50.0
  ],
  "epoch": [
    1.0,
    2.0,
    3.0,
    4.0,
    5.0,
    6.0,
    7.0,
    8.0,
    9.0,
    10.0,
    11.0,
    12.0,
    13.0,
    14.0,
    15.0,
    16.0,
    17.0,
    18.0,
    19.0,
    20.0,
    21.0,
    22.0,
    23.0,
    24.0,
    25.0,
    26.0,
    27.0,
    28.0,
    29.0,
    30.0,
    31.0,
    32.0,
    33.0,
    34.0,
    35.0,
    36.0,
    37.0,
    38.0,
    39.0,
    40.0,
    41.0,
    42.0,
    43.0,
    44.0,
    45.0,
    46.0,
    47.0,
    48.0,
    49.0,
    50.0
  ],
  "train_loss": [
    0.8162,
    0.7483,
    0.7223,
    0.7033,
    0.6784,
    0.672,
    0.6605,
    0.6587,
    0.649,
    0.6445,
    0.6337,
    0.6362,
    0.6235,
    0.625,
    0.6187,
    0.6093,
    0.6085,
    0.5963,
    0.5948,
    0.5869,
    0.5877,
    0.582,
    0.5746,
    0.5671,
    0.574,
    0.5606,
    0.5633,
    0.5613,
    0.5555,
    0.5542,
    0.5558,
    0.5426,
    0.5423,
    0.5411,
    0.5396,
    0.5412,
    0.5357,
    0.5261,
    0.5274,
    0.5354,
    0.5238,
    0.5229,
    0.5215,
    0.5302,
    0.5283,
    0.5286,
    0.5237,
    0.5284,
    0.5208,
    0.5199
  ],
  "val_loss": [
    0.7650237083435059,
    0.7223873734474182,
    0.6887220740318298,
    0.6701415777206421,
    0.6822879314422607,
    0.6677916049957275,
    0.6589211225509644,
    0.6501888632774353,
    0.6616069674491882,
    0.6669932007789612,
    0.6789993047714233,
    0.6631976366043091,
    0.6559462547302246,
    0.6685699820518494,
    0.6688255667686462,
    0.6810658574104309,
    0.6564305424690247,
    0.6943162083625793,
    0.6750513911247253,
    0.6805097460746765,
    0.671799898147583,
    0.6719633936882019,
    0.6744523048400879,
    0.6764739751815796,
    0.6905969977378845,
    0.6923995614051819,
    0.7053408026695251,
    0.6893751621246338,
    0.6909047365188599,
    0.6980770230293274,
    0.6743889451026917,
    0.7042343020439148,
    0.7019345164299011,
    0.7014615535736084,
    0.6998322606086731,
    0.6917158365249634,
    0.6960096955299377,
    0.7044287323951721,
    0.7020226120948792,
    0.7019176483154297,
    0.704910159111023,
    0.6998027563095093,
    0.707195520401001,
    0.7040854692459106,
    0.7041017413139343,
    0.7069143652915955,
    0.7056775689125061,
    0.7059532403945923,
    0.7075397372245789,
    0.7072156667709351
  ],
  "val_accuracy": [
    0.69125,
    0.7570833333333333,
    0.771875,
    0.7720833333333333,
    0.7175,
    0.78875,
    0.7808333333333334,
    0.7760416666666666,
    0.759375,
    0.7789583333333333,
    0.77875,
    0.743125,
    0.7691666666666667,
    0.7604166666666666,
    0.7345833333333334,
    0.7691666666666667,
    0.7597916666666666,
    0.78875,
    0.761875,
    0.771875,
    0.7558333333333334,
    0.7520833333333333,
    0.7410416666666667,
    0.7616666666666667,
    0.7810416666666666,
    0.7672916666666667,
    0.7729166666666667,
    0.773125,
    0.7645833333333333,
    0.7295833333333334,
    0.75375,
    0.7675,
    0.759375,
    0.7666666666666667,
    0.7583333333333333,
    0.7520833333333333,
    0.751875,
    0.7633333333333333,
    0.7554166666666666,
    0.7572916666666667,
    0.7614583333333333,
    0.7552083333333334,
    0.7572916666666667,
    0.765625,
    0.765,
    0.7641666666666667,
    0.7627083333333333,
    0.7614583333333333,
    0.7608333333333334,
    0.75875
  ],
  "val_f1_macro": [
    0.6547516481556652,
    0.7125014944256075,
    0.7176275010992105,
    0.7288726511347732,
    0.6776946120571301,
    0.7475909830726838,
    0.7382205138181815,
    0.7313627202937072,
    0.7087162506864374,
    0.7373910509546967,
    0.7370047205880329,
    0.6949353275359954,
    0.7176705647621082,
    0.7190608942244144,
    0.6921090481561234,
    0.724705111467956,
    0.7120647749382528,
    0.7374332798698445,
    0.7081967596499356,
    0.7183550467981225,
    0.7013803638060275,
    0.704435871509288,
    0.6970984505642325,
    0.7153474688894871,
    0.7322758740808558,
    0.7171597825240474,
    0.7310082494220019,
    0.7245656843826929,
    0.7174527366029073,
    0.684380894222715,
    0.7009051343697775,
    0.7194849804756166,
    0.7137411117039615,
    0.7161781707135558,
    0.7086539859731733,
    0.7025938376285952,
    0.7023507571630517,
    0.7113459069165485,
    0.7041793727127895,
    0.7074449427178845,
    0.7159091947400918,
    0.7067404274720505,
    0.7060970451072617,
    0.7133409567337079,
    0.711854943383971,
    0.7138476874785091,
    0.7110735595273651,
    0.7094132829460599,
    0.7097674226943075,
    0.7077321207301783
  ],
  "val_f1_weighted": [
    0.6939770055849703,
    0.7574429008101351,
    0.7723297007752911,
    0.7735752339920405,
    0.719975489027129,
    0.7892330835171274,
    0.781778202143779,
    0.7775012766825203,
    0.7622701331401961,
    0.780512971234514,
    0.7797826441808393,
    0.7473194323969495,
    0.7708698959487013,
    0.7633461227544365,
    0.7382571033198312,
    0.7713454210089573,
    0.763034028717007,
    0.7878727153891435,
    0.7653128756671032,
    0.7745710035510961,
    0.7603187186140233,
    0.7553715921825496,
    0.7451421576802566,
    0.7644997766530266,
    0.7826646610094418,
    0.7698070904559078,
    0.7749095749899932,
    0.7753292121306142,
    0.7673687352256078,
    0.7341638454102539,
    0.757851940472013,
    0.7704579432027255,
    0.7627424567171391,
    0.7699382500564133,
    0.7620472856313205,
    0.7561881959846949,
    0.7557919638159682,
    0.7667715594268097,
    0.7598354552986087,
    0.7613417972967835,
    0.7647638147615985,
    0.7592721217776851,
    0.7614657386291486,
    0.7694222546466455,
    0.7686382666163013,
    0.7677100736079666,
    0.7665748365051411,
    0.7653723490865865,
    0.764758449845488,
    0.7626868398759001
  ],
  "val_precision_macro": [
    0.6986864023931892,
    0.7342046897044776,
    0.7158570773358104,
    0.7391635020568884,
    0.6812136430309589,
    0.776818748656103,
    0.7538818074987607,
    0.7335337935212399,
    0.6986591948810489,
    0.7494077254775076,
    0.7545430146261919,
    0.6854117732809519,
    0.712323588154777,
    0.7237296980980483,
    0.6937576900719877,
    0.7334316584471171,
    0.7067277321227682,
    0.7523223259763662,
    0.6992870822293852,
    0.7117141864369166,
    0.6903486845731512,
    0.701567093316786,
    0.6945215973912994,
    0.7137901240755945,
    0.7385126286563889,
    0.7169081221364332,
    0.7450066840414357,
    0.726298916258853,
    0.7203154546384748,
    0.680805186758311,
    0.6907592565360474,
    0.7209414117007179,
    0.7138937473453165,
    0.7139836121617233,
    0.7038506960889368,
    0.6980916774301672,
    0.7003464468616953,
    0.7073831968352516,
    0.698316316904679,
    0.7035962772743324,
    0.7192186567722479,
    0.7022835619272151,
    0.7006002687905651,
    0.7070934967502,
    0.7073623901173084,
    0.7112043833685124,
    0.7063881186148699,
    0.7041447401018918,
    0.7048902965876636,
    0.7030383478897434
  ],