{
  "epoch": 50.0,
  "global_step": 62000,
  "tic_meanprob_accuracy": 0.8625498007968128,
  "tic_meanprob_f1_macro": 0.8621510297482837,
  "tic_meanprob_f1_weighted": 0.8623873385177824,
  "tic_meanprob_precision_macro": 0.8634259259259259,
  "tic_meanprob_recall_macro": 0.8617109172664728,
  "tic_count": 502,
  "best_metric_so_far": 0.8704927467206446,
  "best_epoch_so_far": 31.0
}