{
  "train_epoch": [
    1.0,
    2.0,
    3.0,
    4.0,
    5.0,
    6.0,
    7.0,
    8.0,
    9.0,
    10.0,
    11.0,
    12.0,
    13.0,
    14.0,
    15.0,
    16.0,
    17.0,
    18.0,
    19.0,
    20.0,
    21.0,
    22.0,
    23.0,
    24.0,
    25.0,
    26.0,
    27.0,
    28.0,
    29.0,
    30.0,
    31.0,
    32.0,
    33.0,
    34.0,
    35.0,
    36.0,
    37.0,
    38.0,
    39.0,
    40.0,
    41.0,
    42.0,
    43.0,
    44.0,
    45.0,
    46.0,
    47.0,
    48.0,
    49.0,
    50.0
  ],
  "epoch": [
    1.0,
    2.0,
    3.0,
    4.0,
    5.0,
    6.0,
    7.0,
    8.0,
    9.0,
    10.0,
    11.0,
    12.0,
    13.0,
    14.0,
    15.0,
    16.0,
    17.0,
    18.0,
    19.0,
    20.0,
    21.0,
    22.0,
    23.0,
    24.0,
    25.0,
    26.0,
    27.0,
    28.0,
    29.0,
    30.0,
    31.0,
    32.0,
    33.0,
    34.0,
    35.0,
    36.0,
    37.0,
    38.0,
    39.0,
    40.0,
    41.0,
    42.0,
    43.0,
    44.0,
    45.0,
    46.0,
    47.0,
    48.0,
    49.0,
    50.0
  ],
  "train_loss": [
    0.5626,
    0.5212,
    0.513,
    0.5086,
    0.5024,
    0.4981,
    0.4953,
    0.4921,
    0.4862,
    0.4868,
    0.483,
    0.4797,
    0.4758,
    0.4725,
    0.4721,
    0.4666,
    0.4656,
    0.4622,
    0.4606,
    0.4599,
    0.4568,
    0.4548,
    0.4538,
    0.4537,
    0.4516,
    0.449,
    0.4475,
    0.4468,
    0.4441,
    0.442,
    0.443,
    0.4421,
    0.4416,
    0.4399,
    0.4381,
    0.4395,
    0.4371,
    0.4371,
    0.435,
    0.4336,
    0.4319,
    0.4332,
    0.4322,
    0.4326,
    0.431,
    0.4301,
    0.4316,
    0.4305,
    0.4313,
    0.432
  ],
  "val_loss": [
    0.530851423740387,
    0.5092111229896545,
    0.5344938039779663,
    0.5219002366065979,
    0.4862085282802582,
    0.5232802629470825,
    0.5113214254379272,
    0.4915769696235657,
    0.5042736530303955,
    0.4844939708709717,
    0.4928664267063141,
    0.4784865081310272,
    0.551785409450531,
    0.45081284642219543,
    0.46076416969299316,
    0.45905250310897827,
    0.47534337639808655,
    0.4752275049686432,
    0.45474308729171753,
    0.4517119824886322,
    0.48290693759918213,
    0.46170535683631897,
    0.4821382462978363,
    0.4511094391345978,
    0.4520050883293152,
    0.4572441875934601,
    0.4894561171531677,
    0.4667326807975769,
    0.45617932081222534,
    0.4729984700679779,
    0.48093244433403015,
    0.4684916138648987,
    0.4584431052207947,
    0.4800032377243042,
    0.4635969400405884,
    0.4653947055339813,
    0.4573479890823364,
    0.4562290608882904,
    0.46175867319107056,
    0.4689054787158966,
    0.4737756550312042,
    0.47220107913017273,
    0.46697157621383667,
    0.47064346075057983,
    0.46854010224342346,
    0.47208791971206665,
    0.47128766775131226,
    0.47291839122772217,
    0.4688723087310791,
    0.46734416484832764
  ],
  "val_accuracy": [
    0.744943820224719,
    0.7551744529863986,
    0.7470136014192785,
    0.7534594914251922,
    0.766883500887049,
    0.7474866942637493,
    0.7576581904198699,
    0.7646363098758131,
    0.7573033707865169,
    0.7683619160260201,
    0.763926670609107,
    0.7768184506209344,
    0.7285038438793613,
    0.7907155529272619,
    0.7824364281490243,
    0.7845653459491425,
    0.7808397397989355,
    0.7916617386162035,
    0.792962743938498,
    0.7965109402720284,
    0.7768775872264932,
    0.7904198698994678,
    0.7816676522767593,
    0.7956830277942046,
    0.7922531046717919,
    0.786635127143702,
    0.7720875221762271,
    0.7876404494382022,
    0.7948551153163809,
    0.7826138379657007,
    0.7820816085156712,
    0.7867534003548197,
    0.788468361916026,
    0.7807806031933767,
    0.7868125369603785,
    0.785866351271437,
    0.7931992903607333,
    0.7939089296274394,
    0.7891188645771733,
    0.785866351271437,
    0.7850975753991721,
    0.7859254878769959,
    0.788823181549379,
    0.7875221762270845,
    0.7874630396215258,
    0.7865759905381431,
    0.7872856298048492,
    0.7854523950325252,
    0.7875221762270845,
    0.7894736842105263
  ],
  "val_f1_macro": [
    0.7413509773565841,
    0.7524747644289695,
    0.7465176218884373,
    0.7523516606776688,
    0.7657428053628867,
    0.7474821163256236,
    0.7566803238815698,
    0.7644048739232225,
    0.7568326494123413,
    0.7669396303014459,
    0.763875060513716,
    0.7764569643943637,
    0.7269466521621712,
    0.7895377625030607,
    0.7820850786795208,
    0.7844692824522326,
    0.7807910573817696,
    0.7914787017140836,
    0.7926956287232104,
    0.7962307929845144,
    0.7768669053267604,
    0.790167881828725,
    0.78166728272356,
    0.7953816253228037,
    0.7921193091675676,
    0.7865942622294837,
    0.7719759806491782,
    0.7876067507728703,
    0.7948341350928516,
    0.7825803066763669,
    0.7819438688745106,
    0.7867513838201472,
    0.7884575306033003,
    0.7807649250404257,
    0.7868108900365349,
    0.7858639182140754,
    0.7931346143851301,
    0.7938444755882696,
    0.789100915725214,
    0.7858657214825759,
    0.7850758535977996,
    0.7859234635132926,
    0.7888231217296875,
    0.787519761983754,
    0.7874605392281115,
    0.7865722280043175,
    0.7872761306296912,
    0.7854275391296747,
    0.7875179964081936,
    0.7894710337145845
  ],
  "val_f1_weighted": [
    0.741697101707152,
    0.7527682753027104,
    0.7466449321423431,
    0.752539727435869,
    0.7659284100583437,
    0.7474699084906216,
    0.7568554641570864,
    0.7644887148720856,
    0.7569541258959995,
    0.7671463516179623,
    0.7639146970669763,
    0.7765590310936307,
    0.726712524668279,
    0.7897165259508446,
    0.7821844293395277,
    0.784520946853932,
    0.7808281487472293,
    0.7915488475927402,
    0.7927801198621481,
    0.7963165797137052,
    0.7768493760554039,
    0.790250444473064,
    0.7816705079151167,
    0.7954707921556372,
    0.7921791896729546,
    0.786627792415509,
    0.7719187186887682,
    0.7876371270345779,
    0.7948576918350598,
    0.7825496494975475,
    0.7818816429660334,
    0.7867588294866299,
    0.7884747174796917,
    0.7807438746532468,
    0.7868041621774293,
    0.7858557226524366,
    0.793176145446387,
    0.7938858641351613,
    0.7891230066199331,
    0.7858615518459783,
    0.785051320739779,
    0.7859159889396189,
    0.7888218455762679,
    0.7875116297956931,
    0.7874522620637059,
    0.786562053264958,
    0.7872599904382723,
    0.7854013175178765,
    0.7875072960718329,
    0.7894795153015984
  ],
  "val_precision_macro": [
    0.7565864697741659,
    0.7643667858475032,
    0.7480508724215322,
    0.7566098091621483,
    0.7706036507098812,
    0.7476972920382473,
    0.7604737083860966,
    0.7650432436543801,
    0.7583859911814916,
    0.7732758793136952,
    0.7639108203064037,
    0.7777514422496656,
    0.7356396153346167,
    0.795581016121057,
    0.7833923771717248,
    0.7846613552064591,
    0.7808305953894346,
    0.7920599245685123,
    0.7936924043814172,
    0.7973271254977033,
    0.7771965280312091,
    0.791068456638655,
    0.7817389211865009,
    0.7965804349282259,
    0.7924832047506747,
    0.7866188216510552,
    0.7732474580314279,
    0.7876169652973803,
    0.7948279552443014,
    0.7831902334822627,
    0.7835079327580885,
    0.7867907109970864,
    0.7884540975626133,
    0.7811657425719065,
    0.7869906486075393,
    0.7860627567460343,
    0.7932320207526218,
    0.7939420693298541,
    0.7890931359262654,
    0.7860127967270825,
    0.7855588199377932,
    0.7861125289356188,
    0.7889382450053164,
    0.7877191240924613,
    0.787661875550711,
    0.7868000111280382,
    0.7876016973673572,
    0.7859481943786912,
    0.7877546972349436,
    0.7895031048784577
  ],