{
  "train_epoch": [
    1.0,
    2.0,
    3.0,
    4.0,
    5.0,
    6.0,
    7.0,
    8.0,
    9.0,
    10.0,
    11.0,
    12.0,
    13.0,
    14.0,
    15.0,
    16.0,
    17.0,
    18.0,
    19.0,
    20.0,
    21.0,
    22.0,
    23.0,
    24.0,
    25.0,
    26.0,
    27.0,
    28.0,
    29.0,
    30.0,
    31.0,
    32.0,
    33.0,
    34.0,
    35.0,
    36.0,
    37.0,
    38.0,
    39.0,
    40.0,
    41.0,
    42.0,
    43.0,
    44.0,
    45.0,
    46.0,
    47.0,
    48.0,
    49.0,
    50.0
  ],
  "epoch": [
    1.0,
    2.0,
    3.0,
    4.0,
    5.0,
    6.0,
    7.0,
    8.0,
    9.0,
    10.0,
    11.0,
    12.0,
    13.0,
    14.0,
    15.0,
    16.0,
    17.0,
    18.0,
    19.0,
    20.0,
    21.0,
    22.0,
    23.0,
    24.0,
    25.0,
    26.0,
    27.0,
    28.0,
    29.0,
    30.0,
    31.0,
    32.0,
    33.0,
    34.0,
    35.0,
    36.0,
    37.0,
    38.0,
    39.0,
    40.0,
    41.0,
    42.0,
    43.0,
    44.0,
    45.0,
    46.0,
    47.0,
    48.0,
    49.0,
    50.0
  ],
  "train_loss": [
    0.5708,
    0.4698,
    0.4337,
    0.409,
    0.3934,
    0.3838,
    0.3631,
    0.3586,
    0.3518,
    0.3428,
    0.3324,
    0.3291,
    0.3142,
    0.3033,
    0.3009,
    0.2841,
    0.2822,
    0.2765,
    0.2648,
    0.2612,
    0.2571,
    0.242,
    0.2421,
    0.2357,
    0.2361,
    0.2242,
    0.2223,
    0.2136,
    0.2114,
    0.2023,
    0.2025,
    0.201,
    0.1954,
    0.1931,
    0.1909,
    0.183,
    0.1767,
    0.1818,
    0.1751,
    0.1803,
    0.1734,
    0.1761,
    0.1658,
    0.1705,
    0.1643,
    0.1641,
    0.1719,
    0.167,
    0.1677,
    0.1653
  ],
  "val_loss": [
    0.40379098057746887,
    0.378078818321228,
    0.3493652939796448,
    0.3276435136795044,
    0.3496147096157074,
    0.33385181427001953,
    0.32650649547576904,
    0.31630924344062805,
    0.3099648654460907,
    0.3165135681629181,
    0.32949763536453247,
    0.30390799045562744,
    0.2964954674243927,
    0.30653998255729675,
    0.30398234724998474,
    0.32602712512016296,
    0.32385262846946716,
    0.30490127205848694,
    0.3109559118747711,
    0.319201797246933,
    0.30618220567703247,
    0.34501901268959045,
    0.32648131251335144,
    0.35351744294166565,
    0.37585824728012085,
    0.37319523096084595,
    0.3260326087474823,
    0.3455740213394165,
    0.3686572313308716,
    0.3526401221752167,
    0.35566407442092896,
    0.3559631407260895,
    0.3681064248085022,
    0.3644939064979553,
    0.3744299113750458,
    0.373819500207901,
    0.382778525352478,
    0.39422714710235596,
    0.3933781385421753,
    0.38881951570510864,
    0.38363149762153625,
    0.37145689129829407,
    0.38779139518737793,
    0.38965022563934326,
    0.38738834857940674,
    0.4101215600967407,
    0.39401504397392273,
    0.39832615852355957,
    0.39419305324554443,
    0.39504024386405945
  ],
  "val_accuracy": [
    0.845,
    0.8797916666666666,
    0.8725,
    0.8716666666666667,
    0.851875,
    0.8952083333333334,
    0.8741666666666666,
    0.8910416666666666,
    0.8727083333333333,
    0.889375,
    0.8745833333333334,
    0.8854166666666666,
    0.8933333333333333,
    0.8777083333333333,
    0.8520833333333333,
    0.8670833333333333,
    0.8827083333333333,
    0.8883333333333333,
    0.8654166666666666,
    0.888125,
    0.8725,
    0.8785416666666667,
    0.873125,
    0.8808333333333334,
    0.8866666666666667,
    0.8797916666666666,
    0.8783333333333333,
    0.88125,
    0.8820833333333333,
    0.8685416666666667,
    0.8770833333333333,
    0.8752083333333334,
    0.8729166666666667,
    0.885,
    0.8733333333333333,
    0.87,
    0.875,
    0.8820833333333333,
    0.8775,
    0.8735416666666667,
    0.8739583333333333,
    0.8710416666666667,
    0.8722916666666667,
    0.8764583333333333,
    0.87375,
    0.875625,
    0.87375,
    0.8727083333333333,
    0.874375,
    0.8735416666666667
  ],
  "val_f1_macro": [
    0.8534137246487582,
    0.8838570514550002,
    0.8626965784692446,
    0.8736330146373468,
    0.8483869099130938,
    0.8900190778039366,
    0.8772127101818671,
    0.8932487121617015,
    0.8738016851041247,
    0.8933595126831527,
    0.8802618615378357,
    0.8866347095945789,
    0.8958679299111193,
    0.8829773180979278,
    0.8633964731834914,
    0.8782008695204294,
    0.8897398265431594,
    0.8900588263003976,
    0.8697759757231284,
    0.8873638261218489,
    0.8757640235065951,
    0.8812577732663739,
    0.8764601267363967,
    0.8819719950955062,
    0.8897369953344016,
    0.8820266503454546,
    0.8818062665764268,
    0.8809034949880544,
    0.8864056558464884,
    0.872212415063658,
    0.8771834372555946,
    0.8746698379904493,
    0.8783338632092433,
    0.8847642191369314,
    0.8758463438242637,
    0.872944182353644,
    0.8765393970359403,
    0.8824606321791889,
    0.8803038608245938,
    0.8766853977950873,
    0.876094338158976,
    0.8727857935005635,
    0.8762157315199044,
    0.8778155473882351,
    0.8756812468313592,
    0.878333588966678,
    0.8764043193909576,
    0.8763605560713635,
    0.8772351845849532,
    0.8768868997364301
  ],
  "val_f1_weighted": [
    0.8480724622985395,
    0.8806553762515271,
    0.8734696525720441,
    0.8733767629153087,
    0.8541995948078297,
    0.8951263798669387,
    0.8758894580196174,
    0.891703098111936,
    0.8743449481444915,
    0.8904090354041359,
    0.876505091006133,
    0.8865339969181546,
    0.8939526337221634,
    0.879316942209372,
    0.8547820899367236,
    0.8691890776093656,
    0.8843752629902099,
    0.8890606912221369,
    0.8674113497094686,
    0.8889829502322696,
    0.8743565213665669,
    0.8801412362724018,
    0.8750335786966899,
    0.8818846629330391,
    0.8879848725436508,
    0.8812967467527104,
    0.8799082428940678,
    0.8826039744106492,
    0.8836040789582263,
    0.8704711680463981,
    0.8784240060798769,
    0.8764371417391043,
    0.8747781445303418,
    0.8859923827277758,
    0.8748778657161661,
    0.8718526107569414,
    0.8764235504644273,
    0.8831732340474319,
    0.8787184921524362,
    0.8750341503754242,
    0.8753768563802627,
    0.872566784034054,
    0.873907712385952,
    0.8777355278947758,
    0.8752106172182957,
    0.8770604620455331,
    0.8751565903377877,
    0.8744252403717011,
    0.8758403076310826,
    0.8751625915664583
  ],
  "val_precision_macro": [
    0.8769335930243778,
    0.8934084775176011,
    0.8484287154881186,
    0.8620799704227976,
    0.8263667639100722,
    0.89099890299332,
    0.8692347603907117,
    0.8896582213110661,
    0.8611304567688568,
    0.8889929897583272,
    0.8853624243554363,
    0.8760884112895094,
    0.8911613989228981,
    0.8750814544361893,
    0.8579473387639712,
    0.8737941903650693,
    0.889556769963772,
    0.8867333731475181,
    0.8547706402099507,
    0.8784683112778859,
    0.8656693162797254,
    0.8760228541551073,
    0.8674562650598628,
    0.8719702697844308,
    0.8885322808645807,
    0.8795874048191455,
    0.873674294643752,
    0.8744435976196524,
    0.8845900528570544,
    0.8630422594663975,
    0.8693885893729086,
    0.8656488501825415,
    0.8749874410793792,
    0.8808925424444997,
    0.8706139777079368,
    0.8665476601213067,
    0.8711645071346036,
    0.8766701212311453,
    0.8772404323622474,
    0.8712598762985634,
    0.8704662622036952,
    0.8649286909808872,
    0.8714936970507384,
    0.8723109044512739,
    0.8693028298720821,
    0.874233046523582,
    0.8708176605636478,
    0.8718907749732024,
    0.8723335457695004,
    0.8718959404730381
  ],