{
  "epoch": 50.0,
  "global_step": 62000,
  "tic_meanprob_accuracy": 0.898406374501992,
  "tic_meanprob_f1_macro": 0.898192663286609,
  "tic_meanprob_f1_weighted": 0.8983413319581798,
  "tic_meanprob_precision_macro": 0.8988785523129859,
  "tic_meanprob_recall_macro": 0.8978581756359534,
  "tic_count": 502,
  "best_metric_so_far": 0.8983381976294003,
  "best_epoch_so_far": 31.0
}