{
  "train_epoch": [
    1.0,
    2.0,
    3.0,
    4.0,
    5.0,
    6.0,
    7.0,
    8.0,
    9.0,
    10.0,
    11.0,
    12.0,
    13.0,
    14.0,
    15.0,
    16.0,
    17.0,
    18.0,
    19.0,
    20.0,
    21.0,
    22.0,
    23.0,
    24.0,
    25.0,
    26.0,
    27.0,
    28.0,
    29.0,
    30.0,
    31.0,
    32.0,
    33.0,
    34.0,
    35.0,
    36.0,
    37.0,
    38.0,
    39.0,
    40.0,
    41.0,
    42.0,
    43.0,
    44.0,
    45.0,
    46.0,
    47.0,
    48.0,
    49.0,
    50.0
  ],
  "epoch": [
    1.0,
    2.0,
    3.0,
    4.0,
    5.0,
    6.0,
    7.0,
    8.0,
    9.0,
    10.0,
    11.0,
    12.0,
    13.0,
    14.0,
    15.0,
    16.0,
    17.0,
    18.0,
    19.0,
    20.0,
    21.0,
    22.0,
    23.0,
    24.0,
    25.0,
    26.0,
    27.0,
    28.0,
    29.0,
    30.0,
    31.0,
    32.0,
    33.0,
    34.0,
    35.0,
    36.0,
    37.0,
    38.0,
    39.0,
    40.0,
    41.0,
    42.0,
    43.0,
    44.0,
    45.0,
    46.0,
    47.0,
    48.0,
    49.0,
    50.0
  ],
  "train_loss": [
    0.4633,
    0.4123,
    0.3992,
    0.3901,
    0.3832,
    0.378,
    0.3726,
    0.3655,
    0.3616,
    0.3578,
    0.3575,
    0.3545,
    0.3512,
    0.3496,
    0.3451,
    0.3414,
    0.3377,
    0.3347,
    0.3326,
    0.329,
    0.3279,
    0.323,
    0.32,
    0.3186,
    0.3142,
    0.3123,
    0.3092,
    0.309,
    0.3067,
    0.3017,
    0.3001,
    0.2964,
    0.2947,
    0.2938,
    0.2905,
    0.2892,
    0.2876,
    0.2846,
    0.2844,
    0.2817,
    0.2799,
    0.2799,
    0.2788,
    0.277,
    0.2777,
    0.2758,
    0.277,
    0.2755,
    0.2755,
    0.2758
  ],
  "val_loss": [
    0.3790251612663269,
    0.37340685725212097,
    0.3925907611846924,
    0.38584181666374207,
    0.3595787584781647,
    0.3735025227069855,
    0.3947587311267853,
    0.34674614667892456,
    0.3418065309524536,
    0.3445410132408142,
    0.3564647138118744,
    0.383261501789093,
    0.420316606760025,
    0.3430318832397461,
    0.3388683497905731,
    0.3449750542640686,
    0.3402310311794281,
    0.34505224227905273,
    0.33773401379585266,
    0.35514169931411743,
    0.35021695494651794,
    0.34539759159088135,
    0.36666542291641235,
    0.34896084666252136,
    0.35360485315322876,
    0.34364616870880127,
    0.3703685998916626,
    0.3629704415798187,
    0.34227025508880615,
    0.358566552400589,
    0.36815008521080017,
    0.34905365109443665,
    0.34616172313690186,
    0.36182284355163574,
    0.3591366410255432,
    0.35835030674934387,
    0.37185943126678467,
    0.36349523067474365,
    0.35335469245910645,
    0.3672889173030853,
    0.36251455545425415,
    0.3632683753967285,
    0.36383482813835144,
    0.3650304079055786,
    0.3617497682571411,
    0.36512961983680725,
    0.36528122425079346,
    0.36538204550743103,
    0.36767104268074036,
    0.36448851227760315
  ],
  "val_accuracy": [
    0.8358959195742165,
    0.8445298639858072,
    0.8367238320520403,
    0.8384387936132466,
    0.8524541691306919,
    0.8480189237137788,
    0.8466587817859255,
    0.8582495564754583,
    0.8603784742755766,
    0.8611472501478415,
    0.8545239503252513,
    0.8415730337078652,
    0.8192785334121822,
    0.8607924305144885,
    0.8637492607924305,
    0.858722649319929,
    0.8628622117090479,
    0.8632761679479598,
    0.8648137196924897,
    0.8619160260201064,
    0.8603784742755766,
    0.8668835008870491,
    0.8534003548196334,
    0.8620342992312241,
    0.8584269662921349,
    0.8596688350088705,
    0.8525133057362507,
    0.8589591957421644,
    0.8648137196924897,
    0.8586043761088114,
    0.8527498521584861,
    0.8615612063867534,
    0.863926670609107,
    0.8581904198698994,
    0.8554701360141928,
    0.8622117090479007,
    0.8573625073920756,
    0.859491425192194,
    0.8609107037256062,
    0.8542282672974572,
    0.859491425192194,
    0.8594322885866351,
    0.8584269662921349,
    0.8584269662921349,
    0.8591957421643998,
    0.8581904198698994,
    0.8571850975753992,
    0.857953873447664,
    0.8573033707865169,
    0.8584861028976937
  ],
  "val_f1_macro": [
    0.8354713580581767,
    0.844199222517624,
    0.8366566269036184,
    0.8384157359873741,
    0.852095259691013,
    0.8480180733109166,
    0.8466211139984163,
    0.8581169317669013,
    0.8603595222094409,
    0.8611097118776896,
    0.8545238506102146,
    0.8412616051715779,
    0.8180949845316025,
    0.8607773488935906,
    0.863665156486804,
    0.8587042434426527,
    0.8628090098458174,
    0.8632307944206725,
    0.8646991833242194,
    0.8618875054435016,
    0.8603760128340796,
    0.8667272540414576,
    0.853383557011609,
    0.8620198574227729,
    0.8584236371584083,
    0.8596685753976907,
    0.8524901208155953,
    0.8589556319990976,
    0.8647262488661941,
    0.8586031888523002,
    0.8527360006500253,
    0.8615068524900872,
    0.8637522680651438,
    0.8581599117714493,
    0.8554697397474436,
    0.8621665743866082,
    0.8573624355615257,
    0.8594635860681334,
    0.8608351536726964,
    0.854228226004951,
    0.8594725458827062,
    0.8593998124072504,
    0.8584109232196763,
    0.8584126564427992,
    0.8591528769700457,
    0.858165974356466,
    0.8571721503283591,
    0.8579347875464058,
    0.857295573019469,
    0.8584578284297666
  ],
  "val_f1_weighted": [
    0.8355662542293987,
    0.8442807156651095,
    0.8366190076951725,
    0.8383938198281289,
    0.852177985516245,
    0.8480139913771776,
    0.8465938226202964,
    0.8581661850435801,
    0.8603779932586697,
    0.8611356375894492,
    0.8545252181307177,
    0.8411817730234241,
    0.817928385275685,
    0.8607938015709338,
    0.8637036041693761,
    0.8587225539526893,
    0.8628396847939863,
    0.8632590792169035,
    0.8647438804435443,
    0.8619100402200782,
    0.860369356541581,
    0.8667790664669387,
    0.8533657383423234,
    0.862035885325794,
    0.8584314322032314,
    0.8596707425866702,
    0.8524691231516055,
    0.8589636818657895,
    0.8647653056072376,
    0.8585985367451546,
    0.852719784249876,
    0.8615380045741468,
    0.8638076156493437,
    0.858183530944443,
    0.8554670224897344,
    0.8621948941740858,
    0.8573612862727266,
    0.8594860445211571,
    0.8608719699421346,
    0.8542291069117499,
    0.8594910399001636,
    0.8594240747669464,
    0.8584280358302987,
    0.85842881815499,
    0.8591807756728118,
    0.8581871164221383,
    0.857187590523587,
    0.8579534839394752,
    0.8573075503896544,
    0.8584805426466786
  ],
  "val_precision_macro": [
    0.8381372920354002,
    0.8463312498796123,
    0.8379296191740648,
    0.839060079662209,
    0.8546540238805176,
    0.8482003316452756,
    0.8475347319853787,
    0.8588566051469179,
    0.8603620804416268,
    0.8611924071157431,
    0.8546123637615908,
    0.8455922456303958,
    0.8301018269299049,
    0.8607710131241857,
    0.8640663284966785,
    0.858704730722972,
    0.8629882861826548,
    0.8633622668410232,
    0.8653492659750934,
    0.8619267255087412,
    0.8606312984248787,
    0.8677593270337431,
    0.853966268393566,
    0.862012622190348,
    0.8584373493472484,
    0.8597446680615972,
    0.8531887975768095,
    0.8589671892910623,
    0.8651592888307327,
    0.8588072649931435,
    0.8532584797483318,
    0.8616897343163166,
    0.8649073880329889,
    0.858204127926314,
    0.8556298875936108,
    0.8622942019801121,
    0.8574933535487844,
    0.8594974809373536,
    0.8611592577355673,
    0.8543241991097414,
    0.8594745654285415,
    0.8594545222811,
    0.8584059402711828,
    0.8584047332270318,
    0.8592611400517393,
    0.858185363719282,
    0.8571625621827907,
    0.8579367985726882,
    0.8572881019918478,
    0.8584926329757284
  ],