{
  "epoch": 50.0,
  "global_step": 16750,
  "tic_meanprob_accuracy": 0.674074074074074,
  "tic_meanprob_f1_macro": 0.6379214006332651,
  "tic_meanprob_f1_weighted": 0.6793609403778895,
  "tic_meanprob_precision_macro": 0.7100115074798619,
  "tic_meanprob_recall_macro": 0.674074074074074,
  "tic_count": 135,
  "best_metric_so_far": 0.6938472663873121,
  "best_epoch_so_far": 34.0
}