{
  "train_epoch": [
    1.0,
    2.0,
    3.0,
    4.0,
    5.0,
    6.0,
    7.0,
    8.0,
    9.0,
    10.0,
    11.0,
    12.0,
    13.0,
    14.0,
    15.0,
    16.0,
    17.0,
    18.0,
    19.0,
    20.0,
    21.0,
    22.0,
    23.0,
    24.0,
    25.0,
    26.0,
    27.0,
    28.0,
    29.0,
    30.0,
    31.0,
    32.0,
    33.0,
    34.0,
    35.0,
    36.0,
    37.0,
    38.0,
    39.0,
    40.0,
    41.0,
    42.0,
    43.0,
    44.0,
    45.0,
    46.0,
    47.0,
    48.0,
    49.0,
    50.0
  ],
  "epoch": [
    1.0,
    2.0,
    3.0,
    4.0,
    5.0,
    6.0,
    7.0,
    8.0,
    9.0,
    10.0,
    11.0,
    12.0,
    13.0,
    14.0,
    15.0,
    16.0,
    17.0,
    18.0,
    19.0,
    20.0,
    21.0,
    22.0,
    23.0,
    24.0,
    25.0,
    26.0,
    27.0,
    28.0,
    29.0,
    30.0,
    31.0,
    32.0,
    33.0,
    34.0,
    35.0,
    36.0,
    37.0,
    38.0,
    39.0,
    40.0,
    41.0,
    42.0,
    43.0,
    44.0,
    45.0,
    46.0,
    47.0,
    48.0,
    49.0,
    50.0
  ],
  "train_loss": [
    0.9329,
    0.8556,
    0.8401,
    0.8375,
    0.8192,
    0.8144,
    0.792,
    0.8021,
    0.7956,
    0.7907,
    0.7889,
    0.787,
    0.7834,
    0.7852,
    0.7757,
    0.7832,
    0.7746,
    0.769,
    0.7712,
    0.7746,
    0.768,
    0.7644,
    0.763,
    0.7649,
    0.7613,
    0.7551,
    0.7574,
    0.751,
    0.7546,
    0.7507,
    0.7527,
    0.753,
    0.7498,
    0.7511,
    0.7525,
    0.7466,
    0.7381,
    0.7317,
    0.7462,
    0.7452,
    0.7448,
    0.7362,
    0.7395,
    0.7403,
    0.741,
    0.7334,
    0.7386,
    0.7407,
    0.735,
    0.7429
  ],
  "val_loss": [
    0.8519695401191711,
    0.8417788147926331,
    0.8485293984413147,
    0.8114187717437744,
    0.8043403625488281,
    0.7962828874588013,
    0.8274080753326416,
    0.7927377223968506,
    0.7940492033958435,
    0.7919139862060547,
    0.7931013703346252,
    0.8033220171928406,
    0.7898339033126831,
    0.8091061115264893,
    0.8114896416664124,
    0.8004435300827026,
    0.7868040204048157,
    0.8125571608543396,
    0.7813317179679871,
    0.7871097922325134,
    0.80634605884552,
    0.7735621929168701,
    0.7914432883262634,
    0.8009820580482483,
    0.7971712350845337,
    0.7941601276397705,
    0.7968580722808838,
    0.7996381521224976,
    0.7986810803413391,
    0.7894703149795532,
    0.7950491309165955,
    0.7946017980575562,
    0.8036906719207764,
    0.800993025302887,
    0.7991829514503479,
    0.7893127799034119,
    0.7907886505126953,
    0.8189340233802795,
    0.7949062585830688,
    0.8075080513954163,
    0.7976396679878235,
    0.7910760641098022,
    0.7906796932220459,
    0.7906668186187744,
    0.7937155365943909,
    0.7960145473480225,
    0.7932971715927124,
    0.7925044894218445,
    0.7936346530914307,
    0.7911291122436523
  ],
  "val_accuracy": [
    0.594375,
    0.5814583333333333,
    0.6139583333333334,
    0.6195833333333334,
    0.5764583333333333,
    0.6114583333333333,
    0.616875,
    0.6120833333333333,
    0.61,
    0.6329166666666667,
    0.6195833333333334,
    0.6277083333333333,
    0.6429166666666667,
    0.6129166666666667,
    0.6372916666666667,
    0.6079166666666667,
    0.6370833333333333,
    0.6570833333333334,
    0.6229166666666667,
    0.6414583333333334,
    0.6179166666666667,
    0.635625,
    0.6358333333333334,
    0.61875,
    0.6441666666666667,
    0.6414583333333334,
    0.64625,
    0.6472916666666667,
    0.6445833333333333,
    0.6275,
    0.635625,
    0.6495833333333333,
    0.65,
    0.6583333333333333,
    0.6460416666666666,
    0.6439583333333333,
    0.64375,
    0.6566666666666666,
    0.6485416666666667,
    0.6458333333333334,
    0.6441666666666667,
    0.6483333333333333,
    0.6466666666666666,
    0.6427083333333333,
    0.6489583333333333,
    0.65125,
    0.6510416666666666,
    0.64875,
    0.6504166666666666,
    0.6491666666666667
  ],
  "val_f1_macro": [
    0.5322635470074139,
    0.5189581909360669,
    0.5432939766185058,
    0.5521564764232594,
    0.5175002986926199,
    0.5478614192772624,
    0.5503815295313979,
    0.5481367864405304,
    0.5458904193532667,
    0.5665328459840692,
    0.5517564120643661,
    0.5603850298756057,
    0.5753240190897642,
    0.5465564315688258,
    0.5637381228703475,
    0.5426291580553677,
    0.5705544361261466,
    0.5918850974539417,
    0.5595495674157712,
    0.576483754679039,
    0.5555228367889743,
    0.5722216647632995,
    0.571875453882492,
    0.5560763094385733,
    0.5799131556144479,
    0.5767648432486423,
    0.5807108601142968,
    0.5841017902977006,
    0.5792542670709274,
    0.5650790228986061,
    0.5699013061064212,
    0.5861656726054177,
    0.586314008347465,
    0.5947612378100021,
    0.5801993930864325,
    0.5792059539863448,
    0.5790957793194738,
    0.592298184913417,
    0.5829324442622807,
    0.5804304374904157,
    0.5791927472576455,
    0.5837510855848907,
    0.5814960893176652,
    0.576440163090507,
    0.5836582089993582,
    0.5864852716578316,
    0.587024149535108,
    0.584163408161904,
    0.585977070529168,
    0.5844675942179982
  ],
  "val_f1_weighted": [
    0.5843077654282081,
    0.5680092506761404,
    0.6185249684549203,
    0.6207766573324613,
    0.5719620877420087,
    0.6118651156709843,
    0.6158991512321585,
    0.6075147754450518,
    0.6084772588950657,
    0.6303949363080481,
    0.6155612302365089,
    0.6232392631714013,
    0.642022054664003,
    0.6080604875811513,
    0.6329341364249697,
    0.6014668143611823,
    0.6353983692190189,
    0.6591066888441464,
    0.6234287940939751,
    0.6387194428496226,
    0.6223864911514387,
    0.6340701412624327,
    0.6367735802613043,
    0.6211601981515461,
    0.6434695667693543,
    0.6403529842873663,
    0.647839166970757,
    0.6451210767163816,
    0.6442466797252113,
    0.6237934963778105,
    0.6358148552000525,
    0.6488234514400724,
    0.6504690772011738,
    0.6597880838499409,
    0.6475577963425203,
    0.6419477607384967,
    0.6432381980978338,
    0.6587726399815075,
    0.648118121933617,
    0.6462259880130193,
    0.6434971684324726,
    0.6475673439690016,
    0.6461858941974278,
    0.6422100950732886,
    0.6486800488993422,
    0.6512071208750709,
    0.6506346530746614,
    0.6482388161759425,
    0.6500081753575906,
    0.6485846182168881
  ],
  "val_precision_macro": [
    0.611893553123958,
    0.5989433912149834,
    0.541316654743434,
    0.5766568128187459,
    0.5851298278238869,
    0.5832992416068318,
    0.5845051294722962,
    0.6004317419640971,
    0.5872329080797238,
    0.611781280559561,
    0.6013594084298236,
    0.6151025083749628,
    0.6137374069190155,
    0.5969244428720245,
    0.6213535703355618,
    0.6011694079341138,
    0.6099485696509486,
    0.6176979747244519,
    0.600683150669854,
    0.6270767686528962,
    0.5753121326570124,
    0.6144570008141126,
    0.6025193675717236,
    0.5830193951982575,
    0.6198434686293596,
    0.6172005329739492,
    0.6043171564197368,
    0.6343334418901156,
    0.6144317526388489,
    0.6141086746995572,
    0.6015272446422206,
    0.6281284554524461,
    0.6189356663262541,
    0.6267700059534483,
    0.6075844428408593,
    0.6229763739709502,
    0.6167342976800986,
    0.6171700736809782,
    0.6219860958614678,
    0.6116062497385342,
    0.6159207127435069,
    0.6242118065483979,
    0.6192047450958477,
    0.6125494911130455,
    0.6194582033877576,
    0.6227817455848769,
    0.6251667955236435,
    0.6219976018026051,
    0.6243858809634117,
    0.6235884212422812
  ],