{
  "train_epoch": [
    1.0,
    2.0,
    3.0,
    4.0,
    5.0,
    6.0,
    7.0,
    8.0,
    9.0,
    10.0,
    11.0,
    12.0,
    13.0,
    14.0,
    15.0,
    16.0,
    17.0,
    18.0,
    19.0,
    20.0,
    21.0,
    22.0,
    23.0,
    24.0,
    25.0,
    26.0,
    27.0,
    28.0,
    29.0,
    30.0,
    31.0,
    32.0,
    33.0,
    34.0,
    35.0,
    36.0,
    37.0,
    38.0,
    39.0,
    40.0,
    41.0,
    42.0,
    43.0,
    44.0,
    45.0,
    46.0,
    47.0,
    48.0,
    49.0,
    50.0
  ],
  "epoch": [
    1.0,
    2.0,
    3.0,
    4.0,
    5.0,
    6.0,
    7.0,
    8.0,
    9.0,
    10.0,
    11.0,
    12.0,
    13.0,
    14.0,
    15.0,
    16.0,
    17.0,
    18.0,
    19.0,
    20.0,
    21.0,
    22.0,
    23.0,
    24.0,
    25.0,
    26.0,
    27.0,
    28.0,
    29.0,
    30.0,
    31.0,
    32.0,
    33.0,
    34.0,
    35.0,
    36.0,
    37.0,
    38.0,
    39.0,
    40.0,
    41.0,
    42.0,
    43.0,
    44.0,
    45.0,
    46.0,
    47.0,
    48.0,
    49.0,
    50.0
  ],
  "train_loss": [
    0.6075,
    0.4766,
    0.4332,
    0.3981,
    0.3765,
    0.3607,
    0.3479,
    0.3314,
    0.3259,
    0.3219,
    0.3168,
    0.3093,
    0.2987,
    0.2924,
    0.2832,
    0.2781,
    0.2783,
    0.274,
    0.2642,
    0.2567,
    0.2629,
    0.2516,
    0.245,
    0.2442,
    0.2385,
    0.2309,
    0.2291,
    0.2253,
    0.22,
    0.2188,
    0.2146,
    0.211,
    0.2085,
    0.2071,
    0.205,
    0.2008,
    0.1998,
    0.1982,
    0.196,
    0.1918,
    0.189,
    0.1891,
    0.189,
    0.1877,
    0.1917,
    0.1858,
    0.1895,
    0.1862,
    0.186,
    0.1852
  ],
  "val_loss": [
    0.388403981924057,
    0.4277012050151825,
    0.35944706201553345,
    0.3619515001773834,
    0.31276071071624756,
    0.30062198638916016,
    0.31150496006011963,
    0.2985354959964752,
    0.28451666235923767,
    0.30292847752571106,
    0.3271326720714569,
    0.3233545422554016,
    0.31817179918289185,
    0.3424932658672333,
    0.32567763328552246,
    0.3167721927165985,
    0.3337235152721405,
    0.30286771059036255,
    0.30732229351997375,
    0.31189674139022827,
    0.34106752276420593,
    0.3258380591869354,
    0.31852295994758606,
    0.31235915422439575,
    0.3450290560722351,
    0.37169718742370605,
    0.3470347225666046,
    0.31340569257736206,
    0.34792283177375793,
    0.32118332386016846,
    0.3265847861766815,
    0.34149786829948425,
    0.37616658210754395,
    0.3830690085887909,
    0.3310668468475342,
    0.3776867389678955,
    0.33512935042381287,
    0.3630196750164032,
    0.3825863003730774,
    0.35879743099212646,
    0.37115123867988586,
    0.35217395424842834,
    0.3720690608024597,
    0.35391220450401306,
    0.3581847548484802,
    0.3789045810699463,
    0.3693293035030365,
    0.3797145485877991,
    0.368151992559433,
    0.3640037775039673
  ],
  "val_accuracy": [
    0.8704166666666666,
    0.8889583333333333,
    0.8789583333333333,
    0.8814583333333333,
    0.883125,
    0.8929166666666667,
    0.8979166666666667,
    0.8958333333333334,
    0.891875,
    0.901875,
    0.88625,
    0.8802083333333334,
    0.8835416666666667,
    0.8795833333333334,
    0.8885416666666667,
    0.8791666666666667,
    0.8689583333333334,
    0.91375,
    0.9108333333333334,
    0.908125,
    0.8616666666666667,
    0.8972916666666667,
    0.889375,
    0.8783333333333333,
    0.9108333333333334,
    0.906875,
    0.9022916666666667,
    0.8810416666666666,
    0.8839583333333333,
    0.895,
    0.9054166666666666,
    0.90125,
    0.8858333333333334,
    0.8989583333333333,
    0.9052083333333333,
    0.8872916666666667,
    0.89875,
    0.9027083333333333,
    0.903125,
    0.8995833333333333,
    0.8958333333333334,
    0.903125,
    0.900625,
    0.8966666666666666,
    0.8945833333333333,
    0.8954166666666666,
    0.8958333333333334,
    0.89125,
    0.894375,
    0.89375
  ],
  "val_f1_macro": [
    0.8738091288930817,
    0.8859071671951345,
    0.8558202904968013,
    0.8865907932704374,
    0.866935524637464,
    0.895679495048712,
    0.8985986092825011,
    0.8965187132694838,
    0.8819031103981613,
    0.9072848425297133,
    0.8941969186099638,
    0.8918490273197616,
    0.8943758893470871,
    0.8878842724605368,
    0.8956119970522263,
    0.8881388199722512,
    0.8843983244255981,
    0.9151764157390206,
    0.9067955528401876,
    0.8992637413907622,
    0.8750918305946525,
    0.902696576068105,
    0.8962263283934412,
    0.885426131160506,
    0.9085017982966036,
    0.9039062238672187,
    0.9024227222701943,
    0.8736246151221222,
    0.8912515499211201,
    0.8983078551300671,
    0.9038989993218974,
    0.9023905053936353,
    0.890429250204007,
    0.8978482222423741,
    0.90395137923189,
    0.8899540406928786,
    0.8976254342046383,
    0.9019198205839846,
    0.8990562953215065,
    0.899219321011842,
    0.8967702390491832,
    0.9015482104916351,
    0.8988932484491082,
    0.8966929749062845,
    0.8947905301021576,
    0.8944907018777114,
    0.8959323876380499,
    0.8928305656586898,
    0.8948508023643872,
    0.8941318857626489
  ],
  "val_f1_weighted": [
    0.8722226954678391,
    0.8877819063654101,
    0.8787023170237939,
    0.883546471832891,
    0.8845354809961223,
    0.8942519542747749,
    0.8987583238676558,
    0.8965211448734857,
    0.8926822649497437,
    0.902908156057418,
    0.8880894546128514,
    0.8824651278257526,
    0.8856531564806804,
    0.8817090614300799,
    0.8902941746904761,
    0.8810246748061078,
    0.8715023647684569,
    0.9141721156277852,
    0.9110671722872659,
    0.9084317440944799,
    0.8642423336393915,
    0.8984135088920117,
    0.8910474374592338,
    0.8801110227812887,
    0.9110911139321,
    0.9074292553291896,
    0.9034008733354437,
    0.882637258008308,
    0.8858916507582154,
    0.8964092616268222,
    0.9061323313035069,
    0.9023224943408475,
    0.887644403450198,
    0.9001381752211808,
    0.9061160155443978,
    0.8889711605524547,
    0.8998946767888544,
    0.9036676515719794,
    0.9039239307531964,
    0.9007460047320164,
    0.897183385142127,
    0.904043953840957,
    0.9016948619565164,
    0.8979405253804779,
    0.8959864307529252,
    0.8966922954444982,
    0.897195075745893,
    0.8927827974970106,
    0.8957779552416713,
    0.8951555474598547
  ],
  "val_precision_macro": [
    0.8798606597468321,
    0.9159200363989854,
    0.8446050292695856,
    0.9018062073600825,
    0.8427248006013306,
    0.8889462356644814,
    0.8976196579342867,
    0.8885731114412962,
    0.8635519109654896,
    0.9064670562750335,
    0.8999632167103023,
    0.8998804460810147,
    0.9019201162986157,
    0.8968669387140965,
    0.9008848648936011,
    0.8844791429877646,
    0.891343266706969,
    0.9189835261274562,
    0.9046337271916486,
    0.8909940125134543,
    0.88503337982686,
    0.9003495553281256,
    0.8962096749850638,
    0.8795885594937564,
    0.9130190851138722,
    0.9179684674998742,
    0.9111625809696181,
    0.8574604522743948,
    0.8978384932920536,
    0.8964040757052786,
    0.9024104966212119,
    0.9064267301873526,
    0.9004125127877637,
    0.9113477059469749,
    0.905701305663622,
    0.9006709591250237,
    0.8995543785812709,
    0.909666927562158,
    0.91185095819338,
    0.9055057821504464,
    0.905504224453618,
    0.9081809589784071,
    0.9074206672002353,
    0.9023550017090708,
    0.9015538914409126,
    0.9044113084861053,
    0.903633824951117,
    0.9025137951620777,
    0.9026057938184097,
    0.9015552158430601
  ],