{
  "train_epoch": [
    1.0,
    2.0,
    3.0,
    4.0,
    5.0,
    6.0,
    7.0,
    8.0,
    9.0,
    10.0,
    11.0,
    12.0,
    13.0,
    14.0,
    15.0,
    16.0,
    17.0,
    18.0,
    19.0,
    20.0,
    21.0,
    22.0,
    23.0,
    24.0,
    25.0,
    26.0,
    27.0,
    28.0,
    29.0,
    30.0,
    31.0,
    32.0,
    33.0,
    34.0,
    35.0,
    36.0,
    37.0,
    38.0,
    39.0,
    40.0,
    41.0,
    42.0,
    43.0,
    44.0,
    45.0,
    46.0,
    47.0,
    48.0,
    49.0,
    50.0
  ],
  "epoch": [
    1.0,
    2.0,
    3.0,
    4.0,
    5.0,
    6.0,
    7.0,
    8.0,
    9.0,
    10.0,
    11.0,
    12.0,
    13.0,
    14.0,
    15.0,
    16.0,
    17.0,
    18.0,
    19.0,
    20.0,
    21.0,
    22.0,
    23.0,
    24.0,
    25.0,
    26.0,
    27.0,
    28.0,
    29.0,
    30.0,
    31.0,
    32.0,
    33.0,
    34.0,
    35.0,
    36.0,
    37.0,
    38.0,
    39.0,
    40.0,
    41.0,
    42.0,
    43.0,
    44.0,
    45.0,
    46.0,
    47.0,
    48.0,
    49.0,
    50.0
  ],
  "train_loss": [
    0.6902,
    0.5548,
    0.5224,
    0.5014,
    0.4845,
    0.4777,
    0.4721,
    0.4697,
    0.4534,
    0.4551,
    0.4494,
    0.4415,
    0.4312,
    0.4268,
    0.4243,
    0.4112,
    0.4095,
    0.4102,
    0.3994,
    0.3939,
    0.3905,
    0.3877,
    0.3839,
    0.3764,
    0.3781,
    0.3715,
    0.3693,
    0.3589,
    0.3582,
    0.3598,
    0.3472,
    0.3496,
    0.3459,
    0.3465,
    0.3473,
    0.3422,
    0.3416,
    0.3374,
    0.3369,
    0.3324,
    0.3297,
    0.3279,
    0.3283,
    0.3368,
    0.3248,
    0.3275,
    0.3249,
    0.3232,
    0.3237,
    0.3313
  ],
  "val_loss": [
    0.430276095867157,
    0.40177813172340393,
    0.3896286189556122,
    0.3793557584285736,
    0.35855233669281006,
    0.36654654145240784,
    0.34993302822113037,
    0.3543549180030823,
    0.3390672504901886,
    0.3460494875907898,
    0.34594979882240295,
    0.356107622385025,
    0.3807373344898224,
    0.3680807948112488,
    0.327576607465744,
    0.33786889910697937,
    0.31138527393341064,
    0.33907008171081543,
    0.2966478765010834,
    0.330997496843338,
    0.30521324276924133,
    0.31283754110336304,
    0.31048649549484253,
    0.31320181488990784,
    0.3123258948326111,
    0.3135160803794861,
    0.30643022060394287,
    0.3018413186073303,
    0.3035905957221985,
    0.319874107837677,
    0.29982465505599976,
    0.29577043652534485,
    0.29519161581993103,
    0.30849719047546387,
    0.3002975285053253,
    0.2944267690181732,
    0.2885625660419464,
    0.2940017879009247,
    0.306794136762619,
    0.2942184507846832,
    0.2923273742198944,
    0.29075905680656433,
    0.2902665138244629,
    0.2922537326812744,
    0.2979598343372345,
    0.2945973575115204,
    0.2946653962135315,
    0.2956487834453583,
    0.29396772384643555,
    0.29459112882614136
  ],
  "val_accuracy": [
    0.8720833333333333,
    0.8739583333333333,
    0.86125,
    0.8797916666666666,
    0.8720833333333333,
    0.88125,
    0.8789583333333333,
    0.88125,
    0.8770833333333333,
    0.8835416666666667,
    0.874375,
    0.8791666666666667,
    0.8789583333333333,
    0.8816666666666667,
    0.8772916666666667,
    0.8747916666666666,
    0.875,
    0.8822916666666667,
    0.8829166666666667,
    0.8816666666666667,
    0.8670833333333333,
    0.8783333333333333,
    0.8758333333333334,
    0.8789583333333333,
    0.8783333333333333,
    0.8685416666666667,
    0.875,
    0.876875,
    0.88,
    0.855625,
    0.8777083333333333,
    0.8775,
    0.8729166666666667,
    0.8783333333333333,
    0.869375,
    0.87125,
    0.8741666666666666,
    0.8770833333333333,
    0.878125,
    0.873125,
    0.8777083333333333,
    0.875625,
    0.875,
    0.8770833333333333,
    0.875625,
    0.8764583333333333,
    0.87625,
    0.8777083333333333,
    0.8758333333333334,
    0.8752083333333334
  ],
  "val_f1_macro": [
    0.862445193160715,
    0.87186067192828,
    0.844792295010944,
    0.8808061633843827,
    0.8669919905795034,
    0.8793820301400025,
    0.8782531834360024,
    0.8849447855241394,
    0.8778237482100081,
    0.8848055854085178,
    0.8755743969751731,
    0.8812238252082123,
    0.8774485662558718,
    0.8846384610490025,
    0.8852290465765389,
    0.8820935512941421,
    0.883019164371892,
    0.8828020185163408,
    0.8840349374450532,
    0.8829659537103006,
    0.8734034536512559,
    0.8823429035532181,
    0.8828672468825863,
    0.8850745177764962,
    0.8808656775875479,
    0.8661052917121946,
    0.882648931709226,
    0.8790248202002499,
    0.8902137461617902,
    0.8599785986570083,
    0.8759709897520489,
    0.8859479516556098,
    0.8784123879720291,
    0.8805128878903133,
    0.8700467238058073,
    0.877527542602721,
    0.8753780452615484,
    0.8802924604039192,
    0.8879826476289319,
    0.8752644454343127,
    0.8812843811619612,
    0.8778308129069693,
    0.8780487497479331,
    0.8810442571632091,
    0.8781688774773428,
    0.8819153876811994,
    0.8813236911133254,
    0.8832608004613642,
    0.8807932777329311,
    0.8789548083364235
  ],
  "val_f1_weighted": [
    0.8722214924400851,
    0.8745779273627011,
    0.8623437167743137,
    0.8805998206647401,
    0.8728688897573192,
    0.8812414499268099,
    0.8798588217889614,
    0.8823018693529172,
    0.8780140287777969,
    0.8840008515852708,
    0.8753698073918508,
    0.8799648175934548,
    0.8797298336801138,
    0.8826544878069452,
    0.8788895019951355,
    0.8763816805502459,
    0.8766425447848777,
    0.8830184120805704,
    0.8839698520577027,
    0.8826683606851503,
    0.8689586838429619,
    0.8795046247212052,
    0.8776549816639105,
    0.8803255955498851,
    0.8797594581720174,
    0.8704143785087676,
    0.8767574846940568,
    0.8783898335556484,
    0.8815889152885283,
    0.8579399362642877,
    0.8789153314950291,
    0.8790762369065789,
    0.8747398514306589,
    0.8796642375798452,
    0.8709884310090248,
    0.8730877440442638,
    0.8756153237506483,
    0.878495983319951,
    0.8798182399265355,
    0.8747222371280031,
    0.8790912924483395,
    0.8770624205572602,
    0.8765883429013747,
    0.8785016004274346,
    0.8770712826733491,
    0.878036236610616,
    0.877771968589849,
    0.8792232284504508,
    0.8773895809360954,
    0.8767609194942162
  ],
  "val_precision_macro": [
    0.8841321792393871,
    0.8835966897030634,
    0.8255637491509442,
    0.8929108609047295,
    0.8535363422303464,
    0.8830366007875746,
    0.8717814323341959,
    0.89299951103122,
    0.8675782321806192,
    0.8859678331347188,
    0.8783753590705201,
    0.8904186562730896,
    0.8946763394867249,
    0.8939238306929077,
    0.8838961020874027,
    0.8836445565801766,
    0.8831727298139876,
    0.8841416609143843,
    0.8724758017922932,
    0.8837131559413148,
    0.8619862306043382,
    0.8777767579024852,
    0.8781691615863066,
    0.8814176871255538,
    0.873752014190762,
    0.8511739829768538,
    0.8766144974821213,
    0.8668743012507196,
    0.8861195676345682,
    0.8494335815065811,
    0.8608899914907897,
    0.8789931381643448,
    0.8719844928148209,
    0.8718075015295965,
    0.8536309258145586,
    0.8649656060051413,
    0.8583665816242761,
    0.8669674257152735,
    0.8842305671517353,
    0.8602483360149579,
    0.8696446696760433,
    0.8622819311744739,
    0.8639661353408998,
    0.8676495947308521,
    0.8653114662377396,
    0.870512699142645,
    0.8690123963179582,
    0.872254522720675,
    0.868298527015097,
    0.8646119473653572
  ],