{
  "train_epoch": [
    1.0,
    2.0,
    3.0,
    4.0,
    5.0,
    6.0,
    7.0,
    8.0,
    9.0,
    10.0,
    11.0,
    12.0,
    13.0,
    14.0,
    15.0,
    16.0,
    17.0,
    18.0,
    19.0,
    20.0,
    21.0,
    22.0,
    23.0,
    24.0,
    25.0,
    26.0,
    27.0,
    28.0,
    29.0,
    30.0,
    31.0,
    32.0,
    33.0,
    34.0,
    35.0,
    36.0,
    37.0,
    38.0,
    39.0,
    40.0,
    41.0,
    42.0,
    43.0,
    44.0,
    45.0,
    46.0,
    47.0,
    48.0,
    49.0,
    50.0
  ],
  "epoch": [
    1.0,
    2.0,
    3.0,
    4.0,
    5.0,
    6.0,
    7.0,
    8.0,
    9.0,
    10.0,
    11.0,
    12.0,
    13.0,
    14.0,
    15.0,
    16.0,
    17.0,
    18.0,
    19.0,
    20.0,
    21.0,
    22.0,
    23.0,
    24.0,
    25.0,
    26.0,
    27.0,
    28.0,
    29.0,
    30.0,
    31.0,
    32.0,
    33.0,
    34.0,
    35.0,
    36.0,
    37.0,
    38.0,
    39.0,
    40.0,
    41.0,
    42.0,
    43.0,
    44.0,
    45.0,
    46.0,
    47.0,
    48.0,
    49.0,
    50.0
  ],
  "train_loss": [
    0.6312,
    0.563,
    0.5384,
    0.5244,
    0.5132,
    0.5118,
    0.507,
    0.5014,
    0.4953,
    0.4907,
    0.4888,
    0.4835,
    0.4838,
    0.4773,
    0.4762,
    0.4739,
    0.4704,
    0.4697,
    0.4665,
    0.4633,
    0.4606,
    0.4594,
    0.4552,
    0.4563,
    0.454,
    0.4514,
    0.4482,
    0.4466,
    0.4444,
    0.4422,
    0.4429,
    0.4396,
    0.4403,
    0.4371,
    0.4372,
    0.4348,
    0.4325,
    0.4324,
    0.431,
    0.43,
    0.4301,
    0.4311,
    0.4288,
    0.4282,
    0.4289,
    0.4265,
    0.4253,
    0.4255,
    0.4248,
    0.4278
  ],
  "val_loss": [
    0.547472357749939,
    0.49904313683509827,
    0.5131474137306213,
    0.49235785007476807,
    0.48257264494895935,
    0.48513102531433105,
    0.49005940556526184,
    0.48849886655807495,
    0.47219645977020264,
    0.46423086524009705,
    0.47069913148880005,
    0.47362396121025085,
    0.47849997878074646,
    0.45949167013168335,
    0.4650889039039612,
    0.4571681320667267,
    0.464587539434433,
    0.463879257440567,
    0.4536994397640228,
    0.4544883370399475,
    0.4637947678565979,
    0.45842090249061584,
    0.46566104888916016,
    0.4654204845428467,
    0.46194443106651306,
    0.4589885473251343,
    0.47452443838119507,
    0.4614298343658447,
    0.4651430547237396,
    0.4785463213920593,
    0.4684438705444336,
    0.4576456546783447,
    0.4605332314968109,
    0.46366649866104126,
    0.4675947427749634,
    0.46227970719337463,
    0.46168196201324463,
    0.4629567563533783,
    0.46486109495162964,
    0.4656120538711548,
    0.46504929661750793,
    0.4662620425224304,
    0.4677765667438507,
    0.4664994776248932,
    0.4662480056285858,
    0.46574920415878296,
    0.4676448404788971,
    0.46689295768737793,
    0.46666595339775085,
    0.46572837233543396
  ],
  "val_accuracy": [
    0.7195742164399763,
    0.751271437019515,
    0.7451212300413956,
    0.7570076877587226,
    0.7647545830869308,
    0.7628030751034891,
    0.7633944411590775,
    0.7627439384979302,
    0.7695446481371969,
    0.7727971614429332,
    0.767652276759314,
    0.7750443524541691,
    0.7715552927261975,
    0.780307510348906,
    0.7790656416321703,
    0.7798935541099941,
    0.7804849201655825,
    0.7839148432879953,
    0.7848018923713779,
    0.784387936132466,
    0.7811945594322885,
    0.7846244825547014,
    0.7819633353045535,
    0.7844470727380248,
    0.7856298048492016,
    0.7850975753991721,
    0.7776463630987581,
    0.78214074512123,
    0.7816085156712005,
    0.7827912477823773,
    0.7817267888823182,
    0.7837374334713187,
    0.7850384387936132,
    0.7833826138379657,
    0.7820816085156712,
    0.7853341218214075,
    0.7834417504435245,
    0.7850975753991721,
    0.7833826138379657,
    0.7839148432879953,
    0.7841513897102307,
    0.7844470727380248,
    0.7842105263157895,
    0.7842696629213484,
    0.7841513897102307,
    0.7853341218214075,
    0.7851567120047309,
    0.7849793021880545,
    0.7848018923713779,
    0.7850975753991721
  ],
  "val_f1_macro": [
    0.7057125094319125,
    0.7463646500646488,
    0.7410277513601479,
    0.7527422879196749,
    0.7603909596594971,
    0.758700213093089,
    0.7594588018138375,
    0.758287837181258,
    0.7666387165223074,
    0.7688198797263948,
    0.7658951689448845,
    0.7737479938250436,
    0.7711157864911933,
    0.7768695850565601,
    0.7759818910300803,
    0.7787795145375475,
    0.779215934955616,
    0.7816981305313125,
    0.7827104573178745,
    0.7822591835984252,
    0.7801672034891713,
    0.7808542430930583,
    0.7802224542299536,
    0.7822226898800926,
    0.784035296525285,
    0.783618647647728,
    0.7772624964716017,
    0.7809127481264473,
    0.7805990813606729,
    0.7821393567122388,
    0.780980632926736,
    0.7821599233519765,
    0.7837938262068783,
    0.7823026993896196,
    0.7816085685391423,
    0.7838268767393024,
    0.782564645602299,
    0.7838159580263344,
    0.7819450744250647,
    0.7829593236155458,
    0.7830219887034965,
    0.7833760889751744,
    0.783247752598321,
    0.7834505636850946,
    0.7830442105643822,
    0.7842476189605849,
    0.7842049821099821,
    0.7840555294812609,
    0.783862183603284,
    0.7839244226802059
  ],
  "val_f1_weighted": [
    0.7064376995533155,
    0.7467652041017807,
    0.7413974352297621,
    0.7531110212691108,
    0.7607581006314811,
    0.7590574691048789,
    0.7598081512148019,
    0.7586604728314328,
    0.7669343915991801,
    0.7691641710201619,
    0.7661254520168097,
    0.7739424476194124,
    0.771229666649251,
    0.7771840594044069,
    0.7762803185077018,
    0.778957760869139,
    0.7794059857826936,
    0.7819479009827698,
    0.7829525040510105,
    0.7825036336501809,
    0.780337837002215,
    0.7811806118832456,
    0.7804445466992714,
    0.7824725912895267,
    0.7842459954916938,
    0.7838217621886989,
    0.7773674856345847,
    0.7810989846375044,
    0.7807680537997498,
    0.7822746681559865,
    0.7811257818056334,
    0.7823704042018123,
    0.7839800815589072,
    0.782476791391368,
    0.7817239734635305,
    0.7840318279119399,
    0.7827214464677695,
    0.7840049522932966,
    0.7821460996015228,
    0.7831228350033446,
    0.7831997305012776,
    0.7835490316854077,
    0.783411774385148,
    0.7836017820056337,
    0.7832201860577621,
    0.7844214594183165,
    0.7843676999548547,
    0.7842158950867802,
    0.7840239989247854,
    0.7841051974169968
  ],
  "val_precision_macro": [
    0.7644220246335305,
    0.7689011251615253,
    0.758669286677837,
    0.7728136936065246,
    0.7821470956841151,
    0.7787293644441522,
    0.7786609878553652,
    0.7802403032993597,
    0.7809484666402184,
    0.7896148433104486,
    0.7739142150508274,
    0.7797349393564279,
    0.7727092625684175,
    0.7955494816036799,
    0.7923766653930089,
    0.7839942241874985,
    0.7853022560692373,
    0.7934491163389357,
    0.7937923577375003,
    0.7935282003895208,
    0.7849617183927587,
    0.802237234034247,
    0.7890443727570347,
    0.7940665706461191,
    0.792246689150794,
    0.7911269717407144,
    0.7786710250223043,
    0.7868479797484602,
    0.7853113868314623,
    0.7849742168704921,
    0.7842855878640791,
    0.7901564499400833,
    0.7899563024408097,
    0.7874689847484635,
    0.7835112840606328,
    0.7915127264618913,
    0.786619997711346,
    0.7901918919490467,
    0.7891204537956035,
    0.7874588860046112,
    0.7884951976790611,
    0.7885350041375754,
    0.7877976056593383,
    0.7872161649526079,
    0.7883932068735586,
    0.7895291596232372,
    0.7887270493070395,
    0.7884167643188631,
    0.7883053680052754,
    0.7896845307511168
  ],