{
  "epoch": 50.0,
  "global_step": 62000,
  "tic_meanprob_accuracy": 0.8585657370517928,
  "tic_meanprob_f1_macro": 0.8578748619302254,
  "tic_meanprob_f1_weighted": 0.8581906905572276,
  "tic_meanprob_precision_macro": 0.8610290339157245,
  "tic_meanprob_recall_macro": 0.8572143572143571,
  "tic_count": 502,
  "best_metric_so_far": 0.8683566433566434,
  "best_epoch_so_far": 9.0
}