{
  "train_epoch": [
    1.0,
    2.0,
    3.0,
    4.0,
    5.0,
    6.0,
    7.0,
    8.0,
    9.0,
    10.0,
    11.0,
    12.0,
    13.0,
    14.0,
    15.0,
    16.0,
    17.0,
    18.0,
    19.0,
    20.0,
    21.0,
    22.0,
    23.0,
    24.0,
    25.0,
    26.0,
    27.0,
    28.0,
    29.0,
    30.0,
    31.0,
    32.0,
    33.0,
    34.0,
    35.0,
    36.0,
    37.0,
    38.0,
    39.0,
    40.0,
    41.0,
    42.0,
    43.0,
    44.0,
    45.0,
    46.0,
    47.0,
    48.0,
    49.0,
    50.0
  ],
  "epoch": [
    1.0,
    2.0,
    3.0,
    4.0,
    5.0,
    6.0,
    7.0,
    8.0,
    9.0,
    10.0,
    11.0,
    12.0,
    13.0,
    14.0,
    15.0,
    16.0,
    17.0,
    18.0,
    19.0,
    20.0,
    21.0,
    22.0,
    23.0,
    24.0,
    25.0,
    26.0,
    27.0,
    28.0,
    29.0,
    30.0,
    31.0,
    32.0,
    33.0,
    34.0,
    35.0,
    36.0,
    37.0,
    38.0,
    39.0,
    40.0,
    41.0,
    42.0,
    43.0,
    44.0,
    45.0,
    46.0,
    47.0,
    48.0,
    49.0,
    50.0
  ],
  "train_loss": [
    0.5327,
    0.4906,
    0.4743,
    0.4656,
    0.4596,
    0.4568,
    0.4547,
    0.4512,
    0.4492,
    0.4459,
    0.4445,
    0.4428,
    0.441,
    0.4378,
    0.4363,
    0.4355,
    0.4326,
    0.4309,
    0.4295,
    0.4278,
    0.4263,
    0.4247,
    0.4224,
    0.421,
    0.4189,
    0.4173,
    0.4155,
    0.4153,
    0.4133,
    0.412,
    0.4113,
    0.41,
    0.4087,
    0.4081,
    0.4068,
    0.4047,
    0.4041,
    0.4037,
    0.4032,
    0.4021,
    0.3997,
    0.4015,
    0.4007,
    0.4007,
    0.3999,
    0.4004,
    0.4005,
    0.3992,
    0.3975,
    0.3989
  ],
  "val_loss": [
    0.4651511013507843,
    0.45403382182121277,
    0.4663693904876709,
    0.4545065760612488,
    0.4367176592350006,
    0.478771448135376,
    0.4489367604255676,
    0.44594675302505493,
    0.4360513985157013,
    0.4304569661617279,
    0.43694254755973816,
    0.4463806450366974,
    0.4835423529148102,
    0.41693806648254395,
    0.42458096146583557,
    0.41869157552719116,
    0.4157803952693939,
    0.4402465522289276,
    0.4106886386871338,
    0.4066030979156494,
    0.4191369116306305,
    0.41097182035446167,
    0.42241883277893066,
    0.4079548418521881,
    0.41228151321411133,
    0.4110313951969147,
    0.4220334589481354,
    0.42394107580184937,
    0.41781124472618103,
    0.4246141016483307,
    0.43087637424468994,
    0.42204809188842773,
    0.4118029773235321,
    0.41605842113494873,
    0.4151538610458374,
    0.4138430953025818,
    0.4200619161128998,
    0.4186970889568329,
    0.41302624344825745,
    0.41783925890922546,
    0.41765904426574707,
    0.4157582223415375,
    0.419253408908844,
    0.41790905594825745,
    0.41740936040878296,
    0.4184094965457916,
    0.41921672224998474,
    0.4190170466899872,
    0.42073366045951843,
    0.41788655519485474
  ],
  "val_accuracy": [
    0.7916026020106446,
    0.799645180366647,
    0.8008279124778238,
    0.8046126552335896,
    0.8102897693672383,
    0.7850975753991721,
    0.808574807806032,
    0.8034299231224128,
    0.8041986989946777,
    0.8120638675340035,
    0.8081017149615612,
    0.8075103489059728,
    0.7777646363098758,
    0.8162625665286812,
    0.8158486102897694,
    0.8192785334121822,
    0.821584861028977,
    0.8199290360733293,
    0.8246599645180367,
    0.8239503252513306,
    0.8189828503843879,
    0.8246599645180367,
    0.8195150798344175,
    0.8250147841513897,
    0.8230041395623892,
    0.8238911886457717,
    0.8228267297457126,
    0.8253104671791839,
    0.8242460082791248,
    0.8231224127735068,
    0.818214074512123,
    0.8232406859846245,
    0.8230041395623892,
    0.8238320520402129,
    0.8220579538734477,
    0.8254287403903016,
    0.8225901833234772,
    0.8230632761679479,
    0.824541691306919,
    0.8222353636901242,
    0.8246599645180367,
    0.8231815493790656,
    0.8235363690124187,
    0.8234772324068599,
    0.8246008279124778,
    0.8235363690124187,
    0.8237137788290952,
    0.8237137788290952,
    0.8233589591957422,
    0.823772915434654
  ],
  "val_f1_macro": [
    0.7905371980445933,
    0.798674788511659,
    0.8007511082960888,
    0.8046011068396873,
    0.8100814852547573,
    0.7849772611245884,
    0.808463851407027,
    0.8034293044310279,
    0.8040928837848815,
    0.8120375743114658,
    0.8078168821631535,
    0.8075101058938605,
    0.777180247007498,
    0.8158697950994906,
    0.8158238669523346,
    0.8191087912362407,
    0.8214699560940937,
    0.8198423172470395,
    0.8241540703428821,
    0.8232062911402973,
    0.8188493821315017,
    0.8243683870782221,
    0.8194394857579994,
    0.8246407221433515,
    0.8227462536389301,
    0.8237491761973444,
    0.82268266488722,
    0.8251707716140848,
    0.8241301615947696,
    0.82307001652422,
    0.8181989962772815,
    0.8230999265362662,
    0.8228160171920552,
    0.8236568553957607,
    0.8219637387865733,
    0.8251443196388706,
    0.8223940086094479,
    0.8227383349967539,
    0.824178079074558,
    0.8221358412054245,
    0.824461213020085,
    0.8229199063061245,
    0.8233270885336761,
    0.8232657153848814,
    0.8243554804645636,
    0.8233064403171135,
    0.8235139548104127,
    0.8234616900785652,
    0.8231684752218329,
    0.823527969765142
  ],
  "val_f1_weighted": [
    0.7907068145964025,
    0.7988334897349618,
    0.8007955251722729,
    0.804618162929143,
    0.8101528969504651,
    0.7849195102727883,
    0.8085161944748623,
    0.8034253448061641,
    0.804041187804523,
    0.8120628158051021,
    0.8079008881497807,
    0.8075076501925158,
    0.7770506826356083,
    0.8159663535046183,
    0.8158481053236992,
    0.8191717072551224,
    0.8215213820789365,
    0.8198871959927204,
    0.8242611615023414,
    0.8233365140658383,
    0.8189052119889181,
    0.824449639427198,
    0.8194814339160118,
    0.8247326810492969,
    0.822823019681262,
    0.8238059811767153,
    0.8227400517188187,
    0.8252268836402334,
    0.8241814117408438,
    0.8231045872453989,
    0.8182177951155255,
    0.8231565844274292,
    0.8228815698147487,
    0.8237199656316609,
    0.8220102408345935,
    0.8252243911700652,
    0.8224610291523191,
    0.8228245072410484,
    0.82426886392321,
    0.8221836119980803,
    0.824528278551907,
    0.8229971916445934,
    0.8233961295163541,
    0.8233351363561973,
    0.8244300163981071,
    0.8233788113162915,
    0.8235813822472968,
    0.8235374350552503,
    0.8232343723803744,
    0.8236026198739457
  ],
  "val_precision_macro": [
    0.7959582192992164,
    0.8038608805942689,
    0.8009038863045653,
    0.8045947514466111,
    0.8109145913942961,
    0.786416290089322,
    0.8087837670504947,
    0.8035819460521056,
    0.8055490867492747,
    0.8120412485782507,
    0.8090607482544009,
    0.8076444795155707,
    0.7820620402482195,
    0.8178891770795491,
    0.8158256446739354,
    0.8197918266658875,
    0.8218605305280184,
    0.8200829979527078,
    0.827125154300542,
    0.8278738615453972,
    0.8193277170780524,
    0.8258647427406584,
    0.8196266618503938,
    0.8266992218852175,
    0.8240015568311938,
    0.8243022886779705,
    0.8232412616838629,
    0.825718851745784,
    0.8245377043665988,
    0.8231633752746714,
    0.8181901036098305,
    0.8236420483770932,
    0.8236358726150392,
    0.8244052377876274,
    0.8222482077886224,
    0.826604150316819,
    0.8232592513955652,
    0.8244314485376905,
    0.8261562728974547,
    0.8224480926844211,
    0.8253606316497064,
    0.8242014633610635,
    0.8242814830968493,
    0.8242334399058251,
    0.8255492657844246,
    0.824390098292782,
    0.8244114754389131,
    0.8246883618222316,
    0.824005647652186,
    0.824709601372964
  ],