{
  "train_epoch": [
    1.0,
    2.0,
    3.0,
    4.0,
    5.0,
    6.0,
    7.0,
    8.0,
    9.0,
    10.0
  ],
  "epoch": [
    1.0,
    2.0,
    3.0,
    4.0,
    5.0,
    6.0,
    7.0,
    8.0,
    9.0,
    10.0
  ],
  "train_loss": [
    0.3601,
    0.2092,
    0.1559,
    0.1231,
    0.0975,
    0.0837,
    0.0728,
    0.0654,
    0.0636,
    0.0623
  ],
  "val_loss": [
    0.22923146188259125,
    0.17798380553722382,
    0.17706100642681122,
    0.16642004251480103,
    0.18191023170948029,
    0.20414458215236664,
    0.21406731009483337,
    0.22606216371059418,
    0.22330863773822784,
    0.22292731702327728
  ],
  "val_accuracy": [
    0.9216666666666666,
    0.9354166666666667,
    0.9308333333333333,
    0.9322916666666666,
    0.92875,
    0.93,
    0.931875,
    0.9291666666666667,
    0.9308333333333333,
    0.93
  ],
  "val_f1_macro": [
    0.9270140362774143,
    0.9339681279918649,
    0.9240277942172566,
    0.9357467186197134,
    0.9281633121583064,
    0.9321001468251602,
    0.9318334302825404,
    0.9302072115442038,
    0.9313379329768013,
    0.9305521585492303
  ],
  "val_f1_weighted": [
    0.9226008704052269,
    0.9357495149107294,
    0.9312932816447758,
    0.9326744226464259,
    0.9291613209924401,
    0.9304425194711585,
    0.9321241731733871,
    0.9296219452711549,
    0.9311741668518605,
    0.9303831631115855
  ],
  "val_precision_macro": [
    0.9213198516744616,
    0.9265415221918419,
    0.9051277944699448,
    0.9296845915381867,
    0.9186938356234854,
    0.9250178509129796,
    0.9259449170488078,
    0.9252966147007197,
    0.9261036685145609,
    0.9242164902846248
  ],
  "val_recall_macro": [
    0.9365629934809875,
    0.942289066771456,
    0.9470235825597867,
    0.9428137443055071,
    0.9391311657944987,
    0.9406757355995481,
    0.9382657628691615,
    0.9364680646935474,
    0.9373650003853321,
    0.937945416020923
  ],
  "val_tic_meanprob_accuracy": [
    0.9259259259259259,
    0.9481481481481482,
    0.9333333333333333,
    0.9481481481481482,
    0.9407407407407408,
    0.9333333333333333,
    0.9333333333333333,
    0.9259259259259259,
    0.9259259259259259,
    0.9259259259259259
  ],
  "val_tic_meanprob_f1_macro": [
    0.92971492718912,
    0.9495722594170556,
    0.9312518020497497,
    0.9495722594170556,
    0.9435630903350153,
    0.937618706369928,
    0.930103268887336,
    0.9241604061610236,
    0.9241604061610236,
    0.9241604061610236
  ],
  "val_tic_meanprob_f1_weighted": [
    0.9273821435253459,
    0.9483340096030297,
    0.9336949446497689,
    0.9483340096030297,
    0.941070317326688,
    0.933836584307902,
    0.9336646219944612,
    0.9264336272054703,
    0.9264336272054703,
    0.9264336272054703
  ],
  "val_tic_meanprob_precision_macro": [
    0.9319688109161793,
    0.9380993329164061,
    0.9123298442183891,
    0.9380993329164061,
    0.9308261183261184,
    0.9238831089351285,
    0.9252747252747252,
    0.9182791368837879,
    0.9182791368837879,
    0.9182791368837879
  ],
  "val_tic_meanprob_recall_macro": [
    0.9318771763216208,
    0.96232985121874,
    0.954099398543843,
    0.96232985121874,
    0.9582146248812915,
    0.954099398543843,
    0.9359924026590694,
    0.9318771763216208,
    0.9318771763216208,
    0.9318771763216208
  ]
}