{
  "epoch": 50.0,
  "global_step": 62000,
  "tic_meanprob_accuracy": 0.898406374501992,
  "tic_meanprob_f1_macro": 0.898153783728951,
  "tic_meanprob_f1_weighted": 0.8983154418236973,
  "tic_meanprob_precision_macro": 0.8991580558744738,
  "tic_meanprob_recall_macro": 0.8977310643977311,
  "tic_count": 502,
  "best_metric_so_far": 0.9061417222600137,
  "best_epoch_so_far": 39.0
}