{
  "train_epoch": [
    1.0,
    2.0,
    3.0,
    4.0,
    5.0,
    6.0,
    7.0,
    8.0,
    9.0,
    10.0,
    11.0,
    12.0,
    13.0,
    14.0,
    15.0,
    16.0,
    17.0,
    18.0,
    19.0,
    20.0,
    21.0,
    22.0,
    23.0,
    24.0,
    25.0,
    26.0,
    27.0,
    28.0,
    29.0,
    30.0,
    31.0,
    32.0,
    33.0,
    34.0,
    35.0,
    36.0,
    37.0,
    38.0,
    39.0,
    40.0,
    41.0,
    42.0,
    43.0,
    44.0,
    45.0,
    46.0,
    47.0,
    48.0,
    49.0,
    50.0
  ],
  "epoch": [
    1.0,
    2.0,
    3.0,
    4.0,
    5.0,
    6.0,
    7.0,
    8.0,
    9.0,
    10.0,
    11.0,
    12.0,
    13.0,
    14.0,
    15.0,
    16.0,
    17.0,
    18.0,
    19.0,
    20.0,
    21.0,
    22.0,
    23.0,
    24.0,
    25.0,
    26.0,
    27.0,
    28.0,
    29.0,
    30.0,
    31.0,
    32.0,
    33.0,
    34.0,
    35.0,
    36.0,
    37.0,
    38.0,
    39.0,
    40.0,
    41.0,
    42.0,
    43.0,
    44.0,
    45.0,
    46.0,
    47.0,
    48.0,
    49.0,
    50.0
  ],
  "train_loss": [
    0.4581,
    0.3704,
    0.3358,
    0.3248,
    0.3143,
    0.3096,
    0.3026,
    0.2985,
    0.2929,
    0.2892,
    0.2852,
    0.2851,
    0.2817,
    0.2765,
    0.2743,
    0.2728,
    0.27,
    0.2675,
    0.2644,
    0.2625,
    0.2611,
    0.2584,
    0.2549,
    0.2534,
    0.2514,
    0.2479,
    0.2475,
    0.245,
    0.244,
    0.2399,
    0.2392,
    0.2368,
    0.2337,
    0.2329,
    0.232,
    0.2292,
    0.2278,
    0.2273,
    0.2254,
    0.2252,
    0.223,
    0.2221,
    0.2201,
    0.2203,
    0.2202,
    0.2178,
    0.2181,
    0.2168,
    0.217,
    0.217
  ],
  "val_loss": [
    0.346932977437973,
    0.3051866292953491,
    0.29006829857826233,
    0.2921261787414551,
    0.2807318866252899,
    0.27535298466682434,
    0.2799049913883209,
    0.274682879447937,
    0.2730863094329834,
    0.26486656069755554,
    0.26426124572753906,
    0.2796282470226288,
    0.3061494827270508,
    0.2621915638446808,
    0.2616744339466095,
    0.26395803689956665,
    0.2638360559940338,
    0.27457553148269653,
    0.26370012760162354,
    0.26914626359939575,
    0.27006441354751587,
    0.26514267921447754,
    0.2762046456336975,
    0.2689262628555298,
    0.26893872022628784,
    0.2649434208869934,
    0.293570876121521,
    0.27293917536735535,
    0.271217942237854,
    0.27286848425865173,
    0.26621487736701965,
    0.26844722032546997,
    0.2677256166934967,
    0.2737995386123657,
    0.2702132761478424,
    0.27358078956604004,
    0.2754005491733551,
    0.28000569343566895,
    0.2698307931423187,
    0.2772686779499054,
    0.27935221791267395,
    0.2751125693321228,
    0.276237815618515,
    0.27866047620773315,
    0.2749129831790924,
    0.27747195959091187,
    0.27919086813926697,
    0.2807656228542328,
    0.28177765011787415,
    0.27681559324264526
  ],
  "val_accuracy": [
    0.853163808397398,
    0.8672383205204022,
    0.874334713187463,
    0.8723240685984625,
    0.8749260792430514,
    0.8787699586043761,
    0.882909520993495,
    0.8783560023654642,
    0.8836782968657599,
    0.881785925487877,
    0.8860437610881136,
    0.8831460674157303,
    0.8707273802483737,
    0.8868125369603784,
    0.8863985807214666,
    0.8879361324659965,
    0.8848018923713779,
    0.886989946777055,
    0.8865168539325843,
    0.8859846244825547,
    0.8875221762270845,
    0.8890597279716145,
    0.884387936132466,
    0.8878769958604376,
    0.8890597279716145,
    0.8884683619160261,
    0.8804849201655824,
    0.8895328208160852,
    0.8894736842105263,
    0.8901241868716736,
    0.890360733293909,
    0.8898285038438793,
    0.8912477823772915,
    0.887344766410408,
    0.8901241868716736,
    0.8904198698994678,
    0.8902424600827913,
    0.8905972797161443,
    0.8894145476049675,
    0.8884092253104672,
    0.8894736842105263,
    0.8891188645771733,
    0.8896510940272029,
    0.8892962743938498,
    0.890360733293909,
    0.8894736842105263,
    0.8885274985215849,
    0.8888823181549379,
    0.8885274985215849,
    0.8894736842105263
  ],
  "val_f1_macro": [
    0.8528385405554173,
    0.8672277334927261,
    0.8742597086822756,
    0.8719155461286786,
    0.8744128523924607,
    0.8785271659518614,
    0.8829036241618249,
    0.8779829614341195,
    0.8836281579513476,
    0.8815670212047232,
    0.8859717327872949,
    0.8831251912576746,
    0.8703921517065585,
    0.8866581992431091,
    0.8863390493347563,
    0.8878542241296769,
    0.8845486349268934,
    0.8869827435835447,
    0.8862804489218061,
    0.8859832831474121,
    0.8875212699402653,
    0.8888328062108265,
    0.8842895850658237,
    0.8878238696453058,
    0.8887501701020012,
    0.88834060037816,
    0.8804020961324333,
    0.8894579787894854,
    0.8894629033412402,
    0.890109723301348,
    0.8902830349793662,
    0.8897921791510166,
    0.8911507043004105,
    0.8873357827633154,
    0.8900813046494153,
    0.8903773588806813,
    0.8902110547453679,
    0.890506090729299,
    0.8893312228861199,
    0.8884071456382439,
    0.8894372425299248,
    0.8890533239302224,
    0.8896199596621432,
    0.8892604843218721,
    0.8902774072660468,
    0.8894292464206893,
    0.8884935628259286,
    0.888858605371587,
    0.8885063307648866,
    0.8894031643838827
  ],
  "val_f1_weighted": [
    0.8529170958078203,
    0.867241195143811,
    0.874294577604784,
    0.8719976783948551,
    0.87450400831782,
    0.8785888275778968,
    0.8828941892311529,
    0.878059564491679,
    0.883655584366069,
    0.8816248336151297,
    0.8860042726314294,
    0.8831429267547839,
    0.8703173099855952,
    0.8867056877714996,
    0.8863685842863025,
    0.8878886363847608,
    0.8846100306710107,
    0.886992988125426,
    0.8863393202085369,
    0.8859788428655607,
    0.8875248950875427,
    0.8888898336690351,
    0.8843278881181469,
    0.887851587670592,
    0.8888168013923216,
    0.8883834853698913,
    0.8803663608192542,
    0.8894906371283653,
    0.889475298113114,
    0.8901240377627012,
    0.8903161862602377,
    0.8898148968742402,
    0.8911876131930069,
    0.8873472056788239,
    0.8901059555077194,
    0.8904018697383601,
    0.8902321380488128,
    0.8905419683634677,
    0.8893657020801258,
    0.8884126154610779,
    0.8894600334181185,
    0.889083941458725,
    0.8896410082469723,
    0.889283088577858,
    0.8903117390200157,
    0.8894544147264377,
    0.8885156497871693,
    0.8888770379805075,
    0.8885237737231959,
    0.8894348735330995
  ],
  "val_precision_macro": [
    0.8551216573483378,
    0.8672169296625818,
    0.8746485051466848,
    0.8756244457176754,
    0.8794141254282668,
    0.8806462361592325,
    0.8833047180929314,
    0.881549712767612,
    0.8838562347735992,
    0.8834982086645807,
    0.886407927599327,
    0.8831493578610643,
    0.8761785954983492,
    0.8879710144785068,
    0.886661213811132,
    0.8884017961367723,
    0.8869566891549013,
    0.8869719936506288,
    0.8885399978037882,
    0.8862161560416969,
    0.8875668969876793,
    0.8910521574777852,
    0.8849701222844724,
    0.8880960131637581,
    0.8919996919273143,
    0.8893828889570987,
    0.8824138473696731,
    0.8899473409130438,
    0.889453474038997,
    0.8901107945682596,
    0.8908081223222948,
    0.8899296698783121,
    0.8918901896226661,
    0.8873242264003134,
    0.8902736218080651,
    0.8905676140854311,
    0.890311986863711,
    0.8911749160396354,
    0.8899060863399547,
    0.8884275430145576,
    0.8895746291311402,
    0.8894479168709499,
    0.8897175421247263,
    0.8893922731755401,
    0.8908608078822566,
    0.8896323619753694,
    0.8886091540543155,
    0.8889049715281314,
    0.8885375207700605,
    0.8898489164591221
  ],