{
  "train_epoch": [
    1.0,
    2.0,
    3.0,
    4.0,
    5.0,
    6.0,
    7.0,
    8.0,
    9.0,
    10.0,
    11.0,
    12.0,
    13.0,
    14.0,
    15.0,
    16.0,
    17.0,
    18.0,
    19.0,
    20.0,
    21.0,
    22.0,
    23.0,
    24.0,
    25.0,
    26.0,
    27.0,
    28.0,
    29.0,
    30.0,
    31.0,
    32.0,
    33.0,
    34.0,
    35.0,
    36.0,
    37.0,
    38.0,
    39.0,
    40.0,
    41.0,
    42.0,
    43.0,
    44.0,
    45.0,
    46.0,
    47.0,
    48.0,
    49.0,
    50.0
  ],
  "epoch": [
    1.0,
    2.0,
    3.0,
    4.0,
    5.0,
    6.0,
    7.0,
    8.0,
    9.0,
    10.0,
    11.0,
    12.0,
    13.0,
    14.0,
    15.0,
    16.0,
    17.0,
    18.0,
    19.0,
    20.0,
    21.0,
    22.0,
    23.0,
    24.0,
    25.0,
    26.0,
    27.0,
    28.0,
    29.0,
    30.0,
    31.0,
    32.0,
    33.0,
    34.0,
    35.0,
    36.0,
    37.0,
    38.0,
    39.0,
    40.0,
    41.0,
    42.0,
    43.0,
    44.0,
    45.0,
    46.0,
    47.0,
    48.0,
    49.0,
    50.0
  ],
  "train_loss": [
    0.637,
    0.5925,
    0.5752,
    0.5672,
    0.5596,
    0.5524,
    0.5484,
    0.5475,
    0.5425,
    0.5394,
    0.5388,
    0.5363,
    0.5323,
    0.5316,
    0.5298,
    0.5267,
    0.527,
    0.5274,
    0.5233,
    0.5232,
    0.5218,
    0.5194,
    0.5199,
    0.5189,
    0.5176,
    0.5163,
    0.5147,
    0.5144,
    0.5154,
    0.5123,
    0.5124,
    0.5109,
    0.5103,
    0.5107,
    0.5102,
    0.5102,
    0.5084,
    0.508,
    0.5074,
    0.5076,
    0.5067,
    0.5065,
    0.5072,
    0.5048,
    0.5053,
    0.5064,
    0.5038,
    0.5054,
    0.504,
    0.5059
  ],
  "val_loss": [
    0.5879145264625549,
    0.551554799079895,
    0.5371372103691101,
    0.5379183888435364,
    0.5441910028457642,
    0.5577388405799866,
    0.528114378452301,
    0.5235019326210022,
    0.5284595489501953,
    0.535284698009491,
    0.5332661271095276,
    0.5287985801696777,
    0.5490300059318542,
    0.5150101780891418,
    0.5265358090400696,
    0.5316251516342163,
    0.5435371994972229,
    0.5279050469398499,
    0.5212810635566711,
    0.5221734642982483,
    0.5300715565681458,
    0.5309900641441345,
    0.5287989377975464,
    0.5171384215354919,
    0.5219519734382629,
    0.5156439542770386,
    0.5289766788482666,
    0.5237504839897156,
    0.5155466794967651,
    0.5273546576499939,
    0.53562992811203,
    0.5432198643684387,
    0.5206539630889893,
    0.5315439701080322,
    0.5212169885635376,
    0.5220290422439575,
    0.5225331783294678,
    0.5232241153717041,
    0.5266037583351135,
    0.5292876362800598,
    0.5282140970230103,
    0.5314717888832092,
    0.5263369679450989,
    0.5308993458747864,
    0.5269582271575928,
    0.5298694372177124,
    0.5295723676681519,
    0.5285376906394958,
    0.5294380187988281,
    0.5293922424316406
  ],
  "val_accuracy": [
    0.6595505617977528,
    0.701892371377883,
    0.7153163808397398,
    0.7181549379065642,
    0.7173861620342993,
    0.7107037256061502,
    0.726788882318155,
    0.7302779420461265,
    0.7299231224127735,
    0.7281490242460082,
    0.7319337670017741,
    0.7308693081017149,
    0.7166765227675932,
    0.7380839739798936,
    0.7350680070963926,
    0.7343583678296866,
    0.7239503252513306,
    0.7339444115907747,
    0.7387936132465996,
    0.7356002365464223,
    0.7364872856298048,
    0.7294500295683027,
    0.736428149024246,
    0.7412182140745122,
    0.741277350680071,
    0.7428149024246008,
    0.7370786516853932,
    0.7367829686575991,
    0.7429331756357185,
    0.7345949142519219,
    0.7302188054405677,
    0.7238320520402128,
    0.7393258426966293,
    0.7348905972797162,
    0.7402720283855707,
    0.7351862803075103,
    0.7409225310467179,
    0.7380839739798936,
    0.7357776463630987,
    0.732702542874039,
    0.7348905972797162,
    0.7344175044352454,
    0.736073329390893,
    0.7344175044352454,
    0.7361324659964518,
    0.7353636901241869,
    0.7357185097575399,
    0.7359550561797753,
    0.735659373151981,
    0.7357776463630987
  ],
  "val_f1_macro": [
    0.6173951495515894,
    0.6866889603588162,
    0.7031157710030553,
    0.7066559127995067,
    0.7105162296848524,
    0.7091447800924011,
    0.7195760257656868,
    0.7235343583284961,
    0.7257049175560362,
    0.7249594746079389,
    0.7286400656341517,
    0.7285621603643617,
    0.7163598743299324,
    0.7306950125608185,
    0.7306321451632631,
    0.7321715317485304,
    0.7230873475520493,
    0.7315621575296106,
    0.7354216805689051,
    0.7331906329041977,
    0.7345027101448933,
    0.7286659776816309,
    0.7344294243797528,
    0.7365877993775458,
    0.7382620351481117,
    0.7379372223266772,
    0.7348334742511474,
    0.7345556150832488,
    0.739289864268753,
    0.7332016343854062,
    0.7295641335009695,
    0.7235179075089138,
    0.7364183821714643,
    0.7330211963811766,
    0.7373420375303992,
    0.7333163055052688,
    0.738036168816571,
    0.7357209262800972,
    0.734067617707947,
    0.7312761458628968,
    0.73290773201853,
    0.7329700280144301,
    0.7342228491430393,
    0.7327468043054861,
    0.7340565813009445,
    0.7336838719401915,
    0.7339595094267455,
    0.7340343903703106,
    0.7337821032311644,
    0.734016463672683
  ],
  "val_f1_weighted": [
    0.6188371305156484,
    0.6874725992623494,
    0.70379911904525,
    0.7073153550995529,
    0.7110225740269229,
    0.7093865551640004,
    0.720086670477366,
    0.7240246150773734,
    0.7260911337374827,
    0.7252957697921835,
    0.7289795131180934,
    0.7288462991492056,
    0.7164674787547658,
    0.7312015033114297,
    0.7310246269564249,
    0.7324463174341207,
    0.7232628684400387,
    0.7318492841961164,
    0.7357608168046921,
    0.7334785258098027,
    0.7347633383891499,
    0.7288315860009279,
    0.7346910161532652,
    0.7369843380135036,
    0.7385810106754596,
    0.7383431670942547,
    0.735110514140206,
    0.7348316976437882,
    0.7396397971264105,
    0.7334205457883284,
    0.7297152116408768,
    0.7236237246141936,
    0.7367327022282388,
    0.733274853605572,
    0.737657019749992,
    0.7335698614106575,
    0.7383483837732967,
    0.7360046693434875,
    0.734309745659119,
    0.7314984415009969,
    0.7331690292938544,
    0.7331932532937848,
    0.7344746508493383,
    0.7329867253413228,
    0.7343233616634194,
    0.7339240246515296,
    0.7342051298365728,
    0.734291013777003,
    0.734035931276796,
    0.7342622100946016
  ],
  "val_precision_macro": [
    0.7714019646801139,
    0.7444981585593757,
    0.7522553895640063,
    0.7534684940801265,
    0.7365301148252306,
    0.7138380551342869,
    0.7488552960310715,
    0.7513417166589755,
    0.7421419644739098,
    0.7368495608030197,
    0.7412857851158821,
    0.7369823859999824,
    0.7170293980400259,
    0.7632082748948107,
    0.7486362134214308,
    0.7402896212895596,
    0.725650807235103,
    0.7404778637373159,
    0.7490264964005309,
    0.7423249416680308,
    0.7418837392456585,
    0.7310403391655749,
    0.7418671128338914,
    0.7562877766774769,
    0.7504767403474087,
    0.7590446626248541,
    0.7433546835016871,
    0.7429833185673809,
    0.754550492844565,
    0.7380610522636781,
    0.7314786573193564,
    0.7242184789614499,
    0.7479887205384141,
    0.7398419241219268,
    0.7490890586131543,
    0.7401533809953097,
    0.7496395263329705,
    0.7448108725230549,
    0.740267534389589,
    0.7362037658585655,
    0.7402006620147334,
    0.7380420980718752,
    0.7410205023667604,
    0.7387272559041321,
    0.741804540921879,
    0.7397413224866848,
    0.7403598913942533,
    0.741120101117047,
    0.7406720352635769,
    0.740428533847302
  ],