{
  "train_epoch": [
    1.0,
    2.0,
    3.0,
    4.0,
    5.0,
    6.0,
    7.0,
    8.0,
    9.0,
    10.0,
    11.0,
    12.0,
    13.0,
    14.0,
    15.0,
    16.0,
    17.0,
    18.0,
    19.0,
    20.0,
    21.0,
    22.0,
    23.0,
    24.0,
    25.0,
    26.0,
    27.0,
    28.0,
    29.0,
    30.0,
    31.0,
    32.0,
    33.0,
    34.0,
    35.0,
    36.0,
    37.0,
    38.0,
    39.0,
    40.0,
    41.0,
    42.0,
    43.0,
    44.0,
    45.0,
    46.0,
    47.0,
    48.0,
    49.0,
    50.0
  ],
  "epoch": [
    1.0,
    2.0,
    3.0,
    4.0,
    5.0,
    6.0,
    7.0,
    8.0,
    9.0,
    10.0,
    11.0,
    12.0,
    13.0,
    14.0,
    15.0,
    16.0,
    17.0,
    18.0,
    19.0,
    20.0,
    21.0,
    22.0,
    23.0,
    24.0,
    25.0,
    26.0,
    27.0,
    28.0,
    29.0,
    30.0,
    31.0,
    32.0,
    33.0,
    34.0,
    35.0,
    36.0,
    37.0,
    38.0,
    39.0,
    40.0,
    41.0,
    42.0,
    43.0,
    44.0,
    45.0,
    46.0,
    47.0,
    48.0,
    49.0,
    50.0
  ],
  "train_loss": [
    0.5582,
    0.442,
    0.4159,
    0.3811,
    0.3663,
    0.3515,
    0.3404,
    0.3229,
    0.3179,
    0.3075,
    0.2964,
    0.2872,
    0.2769,
    0.2628,
    0.2525,
    0.2384,
    0.2342,
    0.2312,
    0.2207,
    0.2166,
    0.208,
    0.2008,
    0.1968,
    0.1873,
    0.1798,
    0.1815,
    0.1716,
    0.1639,
    0.1675,
    0.1611,
    0.1589,
    0.1483,
    0.1502,
    0.147,
    0.148,
    0.1416,
    0.1375,
    0.135,
    0.1317,
    0.1352,
    0.1319,
    0.1281,
    0.1257,
    0.1267,
    0.126,
    0.1249,
    0.1251,
    0.1223,
    0.1218,
    0.1225
  ],
  "val_loss": [
    0.42059653997421265,
    0.41768112778663635,
    0.3559767007827759,
    0.3373977541923523,
    0.32199546694755554,
    0.3280044496059418,
    0.3113350570201874,
    0.3097490966320038,
    0.31326407194137573,
    0.3262864053249359,
    0.36732542514801025,
    0.30066412687301636,
    0.3365086019039154,
    0.347716361284256,
    0.3343403935432434,
    0.3321153223514557,
    0.3326393663883209,
    0.37104493379592896,
    0.29835307598114014,
    0.3418461084365845,
    0.32670214772224426,
    0.3476850092411041,
    0.34929293394088745,
    0.3936599791049957,
    0.3977479040622711,
    0.4273730516433716,
    0.41001275181770325,
    0.396510511636734,
    0.3930685520172119,
    0.38039129972457886,
    0.3677295446395874,
    0.3885509669780731,
    0.4317127466201782,
    0.40235692262649536,
    0.4166261851787567,
    0.42187076807022095,
    0.42291128635406494,
    0.44278135895729065,
    0.44797322154045105,
    0.4476727843284607,
    0.44958922266960144,
    0.4411841928958893,
    0.44277113676071167,
    0.44451895356178284,
    0.4443665146827698,
    0.4532043933868408,
    0.44903889298439026,
    0.44796228408813477,
    0.44708892703056335,
    0.4431964159011841
  ],
  "val_accuracy": [
    0.8641666666666666,
    0.885,
    0.8791666666666667,
    0.886875,
    0.8747916666666666,
    0.895,
    0.8877083333333333,
    0.895625,
    0.869375,
    0.8814583333333333,
    0.865625,
    0.8883333333333333,
    0.889375,
    0.889375,
    0.8675,
    0.8716666666666667,
    0.8747916666666666,
    0.8952083333333334,
    0.8864583333333333,
    0.89125,
    0.8997916666666667,
    0.8877083333333333,
    0.8729166666666667,
    0.886875,
    0.8847916666666666,
    0.890625,
    0.8858333333333334,
    0.883125,
    0.885,
    0.8735416666666667,
    0.884375,
    0.8847916666666666,
    0.8785416666666667,
    0.8895833333333333,
    0.8783333333333333,
    0.8745833333333334,
    0.8835416666666667,
    0.885,
    0.883125,
    0.881875,
    0.8841666666666667,
    0.8825,
    0.8797916666666666,
    0.8810416666666666,
    0.8797916666666666,
    0.8797916666666666,
    0.8835416666666667,
    0.8814583333333333,
    0.8797916666666666,
    0.8814583333333333
  ],
  "val_f1_macro": [
    0.8645604980993169,
    0.8835952523712,
    0.8592002673586666,
    0.8890964666760443,
    0.8791246568453758,
    0.8922201575562386,
    0.8902714581848931,
    0.8957913589798037,
    0.8780266722817709,
    0.8884457327821075,
    0.8721741342735624,
    0.8954001450191962,
    0.8924541910891465,
    0.8915262902906708,
    0.8773566750402116,
    0.881945635774934,
    0.8849466072496255,
    0.8936280104713644,
    0.8921139335531589,
    0.8874899447530885,
    0.9014156391555467,
    0.8882881084692215,
    0.8751531656273636,
    0.8897583334723004,
    0.8822611275153728,
    0.8909273552782152,
    0.8872864611679843,
    0.8863994744333383,
    0.8914751698078182,
    0.8725252945923567,
    0.8874474805309062,
    0.885004091550199,
    0.8806596031603623,
    0.8877392099077898,
    0.8812149612479171,
    0.881411058421203,
    0.8832700499605705,
    0.8846113161454143,
    0.8834505460774073,
    0.8816546348899909,
    0.8854393103073358,
    0.8848692554838916,
    0.8810753995019606,
    0.8814322117150842,
    0.8803274098612269,
    0.8814913653425669,
    0.884118865938369,
    0.8829016455519705,
    0.8806541130670223,
    0.882593881119321
  ],
  "val_f1_weighted": [
    0.865507948669107,
    0.8844794455757001,
    0.8790854882614432,
    0.8881428685211961,
    0.8765725392108915,
    0.8955442516505059,
    0.8890132693712168,
    0.896157612467934,
    0.8713820724463707,
    0.8833982862313001,
    0.8682047938782542,
    0.8896887655099598,
    0.8907556583318327,
    0.8905217300144534,
    0.8698470428477738,
    0.8739789705577556,
    0.8769341941000603,
    0.8961682781426695,
    0.8880402819810691,
    0.8919782759706337,
    0.9006379470906817,
    0.8888909765780807,
    0.8749507560065513,
    0.8884426189547763,
    0.8861479440031648,
    0.8918518459275379,
    0.8873496533241636,
    0.8849427110300316,
    0.8866726226931563,
    0.8752508921503734,
    0.8858699136366891,
    0.8857656118803051,
    0.88035764712846,
    0.8904793904938327,
    0.8800064669845233,
    0.8767034486902431,
    0.8847489725618751,
    0.8859637530012424,
    0.8842552263601653,
    0.883260031350427,
    0.8855552810475918,
    0.8838149127764482,
    0.8813046052646544,
    0.8824161586967005,
    0.8811403323135376,
    0.8812935369154526,
    0.8847766010952347,
    0.882804635815397,
    0.8810851740895747,
    0.8828209402537923
  ],
  "val_precision_macro": [
    0.8855276435696474,
    0.9077433688945051,
    0.844565790280076,
    0.8862746598363836,
    0.8701683652956601,
    0.8883688664889564,
    0.8830201822563349,
    0.8908095907212962,
    0.8737932399598796,
    0.8895601967851018,
    0.8842534564824224,
    0.8916785905075174,
    0.8980428202089268,
    0.8945458032528348,
    0.8779983704549833,
    0.8846130271526436,
    0.8837710519821432,
    0.900668090504067,
    0.8845984640005611,
    0.8833591105073402,
    0.9000972540045766,
    0.8851002159149037,
    0.8685617646040997,
    0.8951779930942686,
    0.8833320104869831,
    0.8977094924982256,
    0.89197505409652,
    0.887528734099576,
    0.894578398502781,
    0.8677461067087378,
    0.882998351131588,
    0.8866823270468459,
    0.8907739969905538,
    0.8907073689767809,
    0.8866267867697563,
    0.8884336222946868,
    0.8865647884556399,
    0.8912745434375015,
    0.8879623017993138,
    0.8863578544563903,
    0.8911480064671083,
    0.8870542758181786,
    0.883933592443146,
    0.8846537758263714,
    0.8838068111041918,
    0.8874416166611638,
    0.8877497156135484,
    0.8861980446984595,
    0.8843026284029522,
    0.8855801717157084
  ],