{
  "epoch": 50.0,
  "global_step": 62000,
  "tic_meanprob_accuracy": 0.9083665338645418,
  "tic_meanprob_f1_macro": 0.9082208549943562,
  "tic_meanprob_f1_weighted": 0.9083373980905047,
  "tic_meanprob_precision_macro": 0.9085384284964284,
  "tic_meanprob_recall_macro": 0.9080191302413525,
  "tic_count": 502,
  "best_metric_so_far": 0.9141296607910765,
  "best_epoch_so_far": 33.0
}