{
  "train_epoch": [
    1.0,
    2.0,
    3.0,
    4.0,
    5.0,
    6.0,
    7.0,
    8.0,
    9.0,
    10.0,
    11.0,
    12.0,
    13.0,
    14.0,
    15.0,
    16.0,
    17.0,
    18.0,
    19.0,
    20.0,
    21.0,
    22.0,
    23.0,
    24.0,
    25.0,
    26.0,
    27.0,
    28.0,
    29.0,
    30.0,
    31.0,
    32.0,
    33.0,
    34.0,
    35.0,
    36.0,
    37.0,
    38.0,
    39.0,
    40.0,
    41.0,
    42.0,
    43.0,
    44.0,
    45.0,
    46.0,
    47.0,
    48.0,
    49.0,
    50.0
  ],
  "epoch": [
    1.0,
    2.0,
    3.0,
    4.0,
    5.0,
    6.0,
    7.0,
    8.0,
    9.0,
    10.0,
    11.0,
    12.0,
    13.0,
    14.0,
    15.0,
    16.0,
    17.0,
    18.0,
    19.0,
    20.0,
    21.0,
    22.0,
    23.0,
    24.0,
    25.0,
    26.0,
    27.0,
    28.0,
    29.0,
    30.0,
    31.0,
    32.0,
    33.0,
    34.0,
    35.0,
    36.0,
    37.0,
    38.0,
    39.0,
    40.0,
    41.0,
    42.0,
    43.0,
    44.0,
    45.0,
    46.0,
    47.0,
    48.0,
    49.0,
    50.0
  ],
  "train_loss": [
    0.4548,
    0.365,
    0.3421,
    0.329,
    0.3186,
    0.3118,
    0.3044,
    0.2991,
    0.2946,
    0.288,
    0.2846,
    0.2826,
    0.278,
    0.2742,
    0.2693,
    0.2653,
    0.2615,
    0.2597,
    0.2557,
    0.2499,
    0.2479,
    0.2438,
    0.2391,
    0.2369,
    0.234,
    0.229,
    0.2261,
    0.2225,
    0.2215,
    0.2181,
    0.2153,
    0.2124,
    0.2085,
    0.2047,
    0.2058,
    0.2022,
    0.2001,
    0.1984,
    0.1951,
    0.1942,
    0.1941,
    0.1905,
    0.191,
    0.1901,
    0.1888,
    0.1889,
    0.1869,
    0.1869,
    0.187,
    0.1877
  ],
  "val_loss": [
    0.346251517534256,
    0.3180287480354309,
    0.3326590061187744,
    0.30566301941871643,
    0.2982643246650696,
    0.2984699010848999,
    0.32117459177970886,
    0.2955067753791809,
    0.2940647006034851,
    0.2833182215690613,
    0.29361623525619507,
    0.3039737641811371,
    0.34174928069114685,
    0.27810442447662354,
    0.28266844153404236,
    0.28595224022865295,
    0.2735293209552765,
    0.29679161310195923,
    0.27490535378456116,
    0.280845046043396,
    0.293165922164917,
    0.2883806824684143,
    0.29538607597351074,
    0.28250887989997864,
    0.28905484080314636,
    0.2916923761367798,
    0.3177975118160248,
    0.299795925617218,
    0.2989214360713959,
    0.30826085805892944,
    0.3024038076400757,
    0.30811962485313416,
    0.3001216948032379,
    0.303413063287735,
    0.31176772713661194,
    0.3075619339942932,
    0.31641140580177307,
    0.3086871802806854,
    0.30934178829193115,
    0.31222179532051086,
    0.31370723247528076,
    0.31726789474487305,
    0.3208489716053009,
    0.3219146728515625,
    0.3235456347465515,
    0.3193680942058563,
    0.3222235143184662,
    0.32069793343544006,
    0.3226941227912903,
    0.32326868176460266
  ],
  "val_accuracy": [
    0.8486102897693673,
    0.8623891188645771,
    0.855765819041987,
    0.8696629213483146,
    0.8765227675931402,
    0.871732702542874,
    0.8720283855706682,
    0.874334713187463,
    0.8729154346540509,
    0.8777646363098758,
    0.8753991720875222,
    0.8712596096984033,
    0.8539325842696629,
    0.8808988764044944,
    0.8784742755765819,
    0.8802483737433471,
    0.8861028976936723,
    0.8801892371377883,
    0.8859254878769959,
    0.8824364281490242,
    0.881076286221171,
    0.8869308101714961,
    0.8845062093435837,
    0.8856889414547605,
    0.8852749852158486,
    0.8824364281490242,
    0.8715552927261975,
    0.8831460674157303,
    0.8824955647545831,
    0.8784151389710231,
    0.8838557066824364,
    0.8796570076877587,
    0.8842696629213483,
    0.8842105263157894,
    0.8766410408042579,
    0.8812536960378474,
    0.879893554109994,
    0.884387936132466,
    0.8822590183323478,
    0.8811945594322886,
    0.8820816085156712,
    0.881076286221171,
    0.8815493790656417,
    0.8813719692489651,
    0.8801301005322294,
    0.8808988764044944,
    0.8801892371377883,
    0.8806031933767002,
    0.8797752808988764,
    0.879538734476641
  ],
  "val_f1_macro": [
    0.8482689900982281,
    0.8620765522056032,
    0.8556431191690763,
    0.8696601481609474,
    0.8764479938283205,
    0.8717263500503869,
    0.8719891623775464,
    0.8743186788781745,
    0.872887873432419,
    0.877623139130405,
    0.8753907524642701,
    0.8711570893507699,
    0.8532981920832184,
    0.8808950376962372,
    0.8784157510484947,
    0.8802437564278784,
    0.8859900536108936,
    0.8801886321062625,
    0.8859007481857311,
    0.8823508759517615,
    0.8810729918442137,
    0.8868246102237212,
    0.8844929757336314,
    0.8856472195085896,
    0.8851073094801575,
    0.8824303084815441,
    0.8714903970802338,
    0.8831188594145514,
    0.8824931283046039,
    0.8784132867757373,
    0.883836400525475,
    0.8796562295198618,
    0.8842258384965128,
    0.8841725977034243,
    0.8766363745694667,
    0.8812416934574523,
    0.8798935335285779,
    0.8843546238146327,
    0.8821940860166688,
    0.8811914145882314,
    0.8820627202780429,
    0.881057058475045,
    0.8815437082877023,
    0.8813547019801062,
    0.8801121354710622,
    0.8808838383838384,
    0.8801700457789945,
    0.8805797355644851,
    0.8797649165195618,
    0.8795275407223528
  ],
  "val_f1_weighted": [
    0.8483506977501716,
    0.8621511022658801,
    0.8555953334173544,
    0.869653321853582,
    0.8764825047966988,
    0.8717365994500299,
    0.8719637203063322,
    0.8743347971367263,
    0.8728666214061005,
    0.8776703868842457,
    0.875379122481073,
    0.8711158232988924,
    0.8531886567416741,
    0.8809027151127515,
    0.8784460386748904,
    0.8802521995190212,
    0.8860307792949039,
    0.8801855751048691,
    0.8859198245741762,
    0.8823868979295564,
    0.8810658848736992,
    0.8868639739109273,
    0.8845070135961222,
    0.8856720201700905,
    0.8851571449929325,
    0.882439939433644,
    0.8714576077012206,
    0.8831391072293822,
    0.882499203608448,
    0.8784078985712693,
    0.8838534041132575,
    0.8796597041300064,
    0.884251413844745,
    0.8841963960484378,
    0.8766277599821602,
    0.8812552493129573,
    0.8798940980474222,
    0.8843769094070507,
    0.8822254890509518,
    0.8811983549337371,
    0.8820796667342327,
    0.8810742292994924,
    0.8815530141797052,
    0.8813709535272676,
    0.8801287987162029,
    0.8808990346994486,
    0.8801872641943609,
    0.8805987393617226,
    0.8797775914292969,
    0.8795407260034775
  ],
  "val_precision_macro": [
    0.8505806334592734,
    0.8644759751530563,
    0.8578981554482967,
    0.8699364282581621,
    0.8768477105539183,
    0.8717200098883011,
    0.8730935725852031,
    0.8743181818181818,
    0.8737694064566752,
    0.8786583334063081,
    0.8758473117015111,
    0.8733591323820773,
    0.8621359749028674,
    0.8808988764044944,
    0.8786902371330068,
    0.8802427615313924,
    0.8868388146143013,
    0.8803747534475368,
    0.8859491380900737,
    0.8828888514404774,
    0.8813830948542254,
    0.8876130554231622,
    0.8844879952098355,
    0.8858146235871309,
    0.886541351508632,
    0.8824225867235156,
    0.8730572971831823,
    0.8831779630284198,
    0.8825102539405112,
    0.8786629270116709,
    0.8838537102169641,
    0.8797075147330427,
    0.8844051416426217,
    0.8843065985890135,
    0.8769862705969913,
    0.8812332116641737,
    0.8799954179615905,
    0.8844558832190277,
    0.8825417362639899,
    0.881201034415459,
    0.8820767969756902,
    0.881071870857169,
    0.8815376322919557,
    0.8813616765083565,
    0.8801210845168383,
    0.8808828382599341,
    0.8801840569363291,
    0.8806143701502889,
    0.8797540891506638,
    0.8795175789510321
  ],