{
  "train_epoch": [
    1.0,
    2.0,
    3.0,
    4.0,
    5.0,
    6.0,
    7.0,
    8.0,
    9.0,
    10.0
  ],
  "epoch": [
    1.0,
    2.0,
    3.0,
    4.0,
    5.0,
    6.0,
    7.0,
    8.0,
    9.0,
    10.0
  ],
  "train_loss": [
    0.3239,
    0.2863,
    0.2685,
    0.247,
    0.2307,
    0.2182,
    0.2076,
    0.199,
    0.1936,
    0.1901
  ],
  "val_loss": [
    0.2739885449409485,
    0.24882633984088898,
    0.24639084935188293,
    0.24363796412944794,
    0.2423754185438156,
    0.24329470098018646,
    0.24787351489067078,
    0.25738105177879333,
    0.2632152736186981,
    0.26190921664237976
  ],
  "val_accuracy": [
    0.882909520993495,
    0.8991129509166174,
    0.9020697811945594,
    0.9039621525724424,
    0.9054405677114133,
    0.9035481963335305,
    0.9036664695446481,
    0.9025428740390301,
    0.8992903607332939,
    0.9015966883500887
  ],
  "val_f1_macro": [
    0.8821806803594352,
    0.8990883550616157,
    0.9020695496805735,
    0.9039428032760795,
    0.9053702374250006,
    0.9034878048479205,
    0.9036020906858839,
    0.9025121904889174,
    0.8992898250410613,
    0.9015936475236923
  ],
  "val_f1_weighted": [
    0.8822858964509687,
    0.8991062429561624,
    0.9020712593223161,
    0.9039582827131697,
    0.9053995289976496,
    0.9035152165860696,
    0.9036303761341281,
    0.9025318279609895,
    0.8992871877869928,
    0.9015998585733531
  ],
  "val_precision_macro": [
    0.8903968538569309,
    0.8991577398562844,
    0.9021443472756301,
    0.9039826455799321,
    0.905952030585617,
    0.903932827436937,
    0.9040948066899793,
    0.9026402942140062,
    0.8994828512581714,
    0.9015980537222275
  ],
  "val_recall_macro": [
    0.8821302147076164,
    0.8990515923620435,
    0.9021686297071585,
    0.9039175361404824,
    0.9052477322017523,
    0.9033806352402324,
    0.9034895221816326,
    0.9024577823866986,
    0.8994325007919591,
    0.9016498113421467
  ],
  "val_tic_meanprob_accuracy": [
    0.8904382470119522,
    0.9203187250996016,
    0.9183266932270916,
    0.9243027888446215,
    0.9262948207171314,
    0.9243027888446215,
    0.9223107569721115,
    0.9203187250996016,
    0.9203187250996016,
    0.9243027888446215
  ],
  "val_tic_meanprob_f1_macro": [
    0.8892032344148157,
    0.9202567035201423,
    0.9182874588598675,
    0.9242258131147021,
    0.9261397753255791,
    0.9241293730213023,
    0.9221175993221391,
    0.9201653944020356,
    0.920273167632812,
    0.9242438683441352
  ],
  "val_tic_meanprob_f1_weighted": [
    0.889576068406404,
    0.9203275853252385,
    0.9183445270303754,
    0.9243027888446215,
    0.9262476329892676,
    0.9242449835701818,
    0.9222412202181215,
    0.9202769076366291,
    0.9203339109218648,
    0.9243112060589768
  ],
  "val_tic_meanprob_precision_macro": [
    0.9004526371031225,
    0.9201778765981101,
    0.9181959613919228,
    0.9242258131147021,
    0.9268669555244042,
    0.9250139453342896,
    0.9231725985457329,
    0.9207387946819521,
    0.9201714693974756,
    0.9241642182164695
  ],
  "val_tic_meanprob_recall_macro": [
    0.8879752768641658,
    0.9203648092536982,
    0.9185614185614186,
    0.9242258131147021,
    0.9257749813305369,
    0.9237173681618126,
    0.9216597549930883,
    0.9198563643008087,
    0.9204919204919204,
    0.9243529243529244
  ]
}